,任务号码,任务gps 纬度,任务gps经度,任务标价,任务执行情况,x,y,label,dis,around,xinyu,renwu,ingai,change,α
2,A0003,22.5765118283363,113.95719800411,65.5,1,42.88469058096302,-45.06939175812747,3,12.497077673137877,179,38052.1803,2,66.8217603691973,1.3217603691973068,5862.25
6,A0007,22.5490037129604,113.97225969676,65.5,1,44.42383363960416,-48.122792564852574,3,12.72257726629681,21,140.4164,3,69.43325133583635,3.9332513358363457,458.5
9,A0010,22.5437860995949,113.923977803989,66.0,1,39.48994328323014,-48.701947648422944,3,17.153142755879664,48,822.1174,3,69.25655770598215,3.2565577059821464,1056.0
12,A0013,22.5479724310799,113.977909038602,65.5,1,45.001135639056514,-48.23726485358813,3,12.348375499689789,17,121.89890000000001,3,69.48256679097456,3.982566790974559,371.1666666666667
13,A0014,22.5061687130557,113.931428439716,66.0,1,40.25131815178881,-52.87747755427412,3,18.978159825217148,16,60.1091,2,70.6132091056678,4.613209105667806,528.0
14,A0015,22.4996256609397,113.936514493699,66.0,1,40.7710581880319,-53.60375633915024,3,19.094555244741915,7,22.2861,4,69.66875353006883,3.6687535300688268,115.5
15,A0016,22.540321415216,113.923645598933,66.0,1,39.45599549808638,-49.086527614480985,3,17.37525213416089,48,822.1174,3,69.27477067500121,3.274770675001207,1056.0
16,A0017,22.5245541889304,113.92473190182,65.5,1,39.567003974155,-50.83668973218262,3,18.2376622257777,42,448.56389999999993,4,68.89848830251377,3.398488302513769,687.75
18,A0019,22.5460394638191,113.974968421143,65.5,1,44.700636149703286,-48.451824219536874,3,12.716342556646836,23,161.74519999999998,3,69.39274008964505,3.892740089645045,502.1666666666667
19,A0020,22.497728920198,113.937337700868,66.0,1,40.855181110298446,-53.814294561478874,3,19.182926588519674,7,22.2861,3,70.24299998025862,4.242999980258617,154.0
20,A0021,22.4941624669753,113.927139030908,66.0,1,39.812986687594886,-54.21017086919852,3,20.204718502278833,0,0.0,2,71.03378691718686,5.033786917186859,0.0
21,A0022,22.5159201164617,113.93567688759,65.0,1,40.685463848904085,-51.79507177620815,3,17.941075485927346,35,266.7874,3,69.58116818984604,4.581168189846039,758.3333333333334
25,A0026,22.4930831267728,113.935839142226,66.0,1,40.70204452828241,-54.3299776316762,3,19.657667400864508,7,22.2861,4,69.71492872687088,3.7149287268708804,115.5
26,A0027,22.5248894876791,113.919142922515,65.5,1,38.99587037701712,-50.79947157107671,3,18.68443360137853,10,38.2251,3,70.14212355531303,4.6421235553130344,218.33333333333334
27,A0028,22.5480858154297,113.945311875335,66.5,1,41.67005600945274,-48.22467919076006,3,15.035724271992235,6,20.301000000000002,1,71.05692939030337,4.556929390303367,399.0
32,A0033,22.5510130545882,113.956744570929,65.5,1,42.838354584783765,-47.899755644166675,3,13.877452684573846,110,10996.0217,1,68.88195112013506,3.3819511201350565,7205.0
33,A0034,22.5829932950536,114.147122731579,66.0,1,62.292955823188656,-44.349948952507134,3,8.887379865287011,3,19.9231,3,69.47876514895353,3.478765148953528,66.0
35,A0036,22.5259613413852,113.935399270764,65.5,1,40.65709439397984,-50.680495809699494,3,17.267049480369373,39,517.4014,5,68.3118980573903,2.8118980573902945,510.9
41,A0042,22.635398280659,114.226377185934,66.5,1,70.39190898346439,-38.53299555030783,3,16.071214724703747,20,213.0048,2,70.2948396074257,3.7948396074257005,665.0
76,A0077,22.7378203776219,114.285890066086,65.5,1,76.47348550439045,-27.16414278742586,3,25.64667280332845,21,80.0719,2,71.06002716987292,5.5600271698729244,687.75
77,A0078,22.7385903883485,113.818449251052,66.5,1,28.70605972407729,-27.078671596773532,3,28.88019800161465,21,422.34259999999995,2,71.32517623613239,4.825176236132393,698.25
80,A0081,22.7513933784059,114.026239909685,70.0,1,49.940031052345724,-25.657539700401905,3,15.254820376629299,10,79.69250000000001,1,70.9948952708836,0.9948952708836032,700.0
95,A0096,22.7271036717407,114.061381858376,67.0,1,53.531160392967045,-28.35369714023917,3,11.92108266236137,1,1.9923,4,69.20052877831363,2.2005287783136254,16.75
103,A0104,22.5607343074643,113.89007789741,70.0,1,36.02573729309939,-46.82069657491944,3,19.527554754499015,0,0.0,3,70.41125948986893,0.41125948986892524,0.0
108,A0109,22.5635036060249,113.906894768535,65.5,1,37.744240721736006,-46.513304434693126,3,17.808301938975987,51,509.96459999999985,2,69.81728075899603,4.317280758996034,1670.25
118,A0119,22.5848807593367,113.91327495018,66.0,1,38.39622669170371,-44.14044041708334,3,16.483208709673555,16,99.6156,3,69.84162311419324,3.84162311419324,352.0
120,A0121,22.7356517809663,114.280464023231,65.0,1,75.91900226069296,-27.404857016197532,3,25.04706462244778,118,1911.8373,3,68.50385929904073,3.5038592990407267,2556.6666666666665
121,A0122,22.5819431420697,113.888016568333,66.5,1,35.81509162304388,-44.46651593372009,3,19.07049876033055,2,2.3644,2,70.9007808983471,4.400780898347094,66.5
122,A0123,22.5829728906449,113.907183429129,65.5,1,37.773738731016664,-44.35221384187298,3,17.138221881447745,12,79.6925,3,69.97533419427872,4.475334194278716,262.0
123,A0124,22.5413895409741,113.919110416432,66.0,1,38.99254860481282,-48.96796565533159,3,17.717040023786215,55,861.9637,3,69.16279728195047,3.162797281950475,1210.0
125,A0126,23.1676903546272,113.665172812936,75.0,1,13.042855643269595,20.55142466016242,2,16.61425255143192,17,19.9231,1,70.96636870921742,-4.03363129078258,1275.0
126,A0127,23.1654980452292,113.387590060323,65.5,1,-15.323117346000059,20.308078316984265,0,0.0,24,161.37720000000002,1,69.464,3.9639999999999986,1572.0
128,A0129,23.1687891455769,113.419959772635,66.5,1,-12.015280758643826,20.67339045557885,0,0.0,0,0.0,2,69.377,2.8769999999999953,0.0
132,A0133,23.1861168487634,113.597485671544,75.0,1,6.125957506146578,22.596765509280647,2,22.493495498485892,0,0.0,1,71.78846663087585,-3.2115333691241545,0.0
134,A0135,23.1381658955335,113.372836112767,65.5,1,-16.830812164640832,17.27420970076169,0,0.0,142,17435.428900000003,3,65.97,0.46999999999999886,3100.3333333333335
149,A0150,23.1909047341958,113.449201701942,73.0,1,-9.027069967200722,23.128220792277016,0,0.0,0,0.0,1,69.944,-3.0559999999999974,0.0
150,A0151,23.1087118142391,113.492884574249,66.5,1,-4.563150057588486,14.004806677083295,2,27.359040400776685,4,39.8463,4,70.40644131286369,3.9064413128636915,66.5
152,A0153,23.0797894313979,113.429744979892,70.5,1,-11.015337778995715,10.794422181709876,0,0.0,0,0.0,1,69.944,-0.5559999999999974,0.0
153,A0154,23.1181011943149,113.544217136668,67.0,1,0.6824859386694624,15.047027865496975,2,22.74567792811929,2,4.8332,1,71.76914559010578,4.769145590105779,134.0
154,A0155,23.1087118142391,113.492884574249,66.5,1,-4.563150057588486,14.004806677083295,2,27.359040400776685,4,39.8463,4,70.40644131286369,3.9064413128636915,66.5
177,A0178,22.7503426275261,113.583522613719,70.0,1,4.699083115056363,-25.77417304805994,2,36.37532110136821,3,1.9923,3,71.73277633031219,1.7327763303121912,70.0
178,A0179,23.112957963072,113.218596106348,67.0,1,-32.59248256656941,14.476129197534995,0,0.0,5,20.2771,1,69.84400000000001,2.8440000000000083,335.0
180,A0181,23.1404538960516,113.288511874539,65.5,1,-25.447842730841636,17.528177758270726,0,0.0,36,624.7673000000001,3,68.09,2.5900000000000034,786.0
182,A0183,23.1381658955335,113.372836112767,65.5,1,-16.830812164640832,17.27420970076169,0,0.0,142,17435.428900000003,3,65.97,0.46999999999999886,3100.3333333333335
184,A0185,23.1441611874437,113.293760883836,65.5,1,-24.911450413460148,17.93968710279384,0,0.0,35,336.7008999999999,4,67.54299999999999,2.042999999999992,573.125
188,A0189,22.8914003692739,113.463408611086,69.5,1,-7.57527659298711,-10.116763714054034,2,33.6120960566548,0,0.0,3,71.56619187664569,2.0661918766456893,0.0
189,A0190,23.1324472006173,113.339825712796,65.5,1,-20.204120142633176,16.63943456506339,0,0.0,29,217.31700000000004,3,68.23,2.730000000000004,633.1666666666666
193,A0194,23.1628186802684,113.418328010558,66.0,1,-12.182029299629502,20.010668806335673,0,0.0,0,0.0,2,69.377,3.3769999999999953,0.0
197,A0198,22.8292607570027,113.512806615216,75.0,1,-2.5273316551800393,-17.01426067615715,2,33.68528882098611,0,0.0,2,72.13919368332085,-2.8608063166791453,0.0
198,A0199,22.7740343384781,113.563484892444,74.5,1,2.6514434288627586,-23.144393132387858,2,35.14024847087731,0,0.0,1,72.82550037461195,-1.6744996253880515,0.0
199,A0200,22.7609687421639,113.567051785148,75.0,1,3.015941515090641,-24.59467432326395,2,36.177474161059784,0,0.0,1,72.91055288120691,-2.089447118793089,0.0
200,A0201,23.06873265818,113.259724537227,67.0,1,-28.38959910777167,9.567120354523137,0,0.0,7,79.6925,2,69.237,2.2369999999999948,234.5
201,A0202,23.3804385369808,113.214808316726,70.0,1,-32.97955394292524,44.166472901412035,0,0.0,48,163.75039999999998,2,68.417,-1.5829999999999984,1680.0
203,A0204,22.8066172363972,113.553841124661,66.5,1,1.6659540428256552,-19.527691463367503,2,32.7552961232823,0,0.0,5,70.36193428210915,3.8619342821091465,0.0
204,A0205,22.8080831187483,113.554093517069,66.5,1,1.6917458334201945,-19.364978522395575,2,32.61092208378089,0,0.0,5,70.35009561087004,3.850095610870042,0.0
205,A0206,22.807546702812,113.552166166666,70.0,1,1.4947913434241633,-19.42452069132477,2,32.77904836644648,0,0.0,4,70.9308819660486,0.9308819660486023,0.0
206,A0207,22.7515565254918,113.582300593937,70.0,1,4.574205831428263,-25.63943037386705,2,36.31503993079282,3,1.9923,3,71.72783327432501,1.7278332743250076,70.0
207,A0208,22.7372249570996,113.493320018744,75.0,1,-4.518652311719436,-27.23023446540138,2,42.63225454471118,0,0.0,1,73.43984487266631,-1.5601551273336867,0.0
208,A0209,22.7514939634161,113.583011167968,70.0,1,4.646818857922849,-25.646374764269897,2,36.286958763772134,3,1.9923,3,71.72553061862932,1.7255306186293211,70.0
209,A0210,23.1087118142391,113.492884574249,67.0,1,-4.563150057588486,14.004806677083295,2,27.359040400776685,4,39.8463,4,70.40644131286369,3.4064413128636915,67.0
212,A0213,23.3387320144502,113.28750899998,68.0,1,-25.5503257287376,39.53704890051547,0,0.0,3,7.5268,1,69.884,1.8840000000000003,204.0
215,A0216,23.374775772357,113.178884764987,70.5,1,-36.65055471193871,43.537906028170255,0,0.0,0,0.0,1,69.944,-0.5559999999999974,0.0
217,A0218,23.1369726166487,113.251180512779,66.0,1,-29.26270654845446,17.141755744548654,0,0.0,32,484.87330000000003,1,69.304,3.304000000000002,2112.0
218,A0219,23.4567319436188,113.281831122566,70.5,1,-26.13054375686016,52.63504103822978,0,0.0,2,1.0242,2,69.33699999999999,-1.163000000000011,70.5
219,A0220,23.3928644657187,113.216877071196,65.0,1,-32.768149477537115,45.54575099131867,0,0.0,27,46.203900000000004,6,66.56899999999999,1.5689999999999884,292.5
221,A0222,22.7102301705629,113.552891213297,75.0,1,1.5688833140434437,-30.22665577097478,2,41.780402939144814,0,0.0,1,73.36999304100988,-1.6300069589901227,0.0
224,A0225,23.3388714432594,113.111064901651,75.0,1,-43.58101560482774,39.55252549833653,0,0.0,0,0.0,1,69.944,-5.055999999999997,0.0
226,A0227,23.415362495971,113.255981176897,70.0,1,-28.772130288151203,48.043032349324065,0,0.0,0,0.0,1,69.944,-0.055999999999997385,0.0
227,A0228,23.3962014611059,113.214823185478,65.5,1,-32.97803451632776,45.91615747929799,0,0.0,24,44.211600000000004,6,66.62899999999999,1.1289999999999907,262.0
228,A0229,23.4049935441326,113.218564358435,70.0,1,-32.595726861952016,46.89207869526188,0,0.0,9,19.9231,3,68.63,-1.3700000000000045,210.0
229,A0230,23.0756222678072,113.288290696452,66.0,1,-25.47044475341933,10.331867023142483,0,0.0,21,189.9624,1,69.524,3.524000000000001,1386.0
230,A0231,23.3724341706871,113.207607097319,70.0,1,-33.71544114508795,43.27798824281125,0,0.0,14,43.8309,2,69.097,-0.9030000000000058,490.0
231,A0232,23.425831172849,113.208056767498,70.0,1,-33.66948968725647,49.205055482782285,0,0.0,0,0.0,2,69.377,-0.6230000000000047,0.0
232,A0233,23.3984107824574,113.25153069652,70.0,1,-29.226921534994005,46.161392149314565,0,0.0,18,92.9875,1,69.584,-0.4159999999999968,1260.0
233,A0234,23.3895943664696,113.209449233563,70.0,1,-33.52719462599339,45.18276997466856,0,0.0,21,42.219300000000004,4,67.823,-2.1770000000000067,367.5
234,A0235,23.4038021496939,113.209090840207,70.0,1,-33.56381857384461,46.759833912565895,0,0.0,9,19.9231,4,68.06299999999999,-1.9370000000000118,157.5
235,A0236,23.3950883145195,113.209232887461,70.0,1,-33.54930287165386,45.79259820820779,0,0.0,22,42.219300000000004,5,67.236,-2.763999999999996,308.0
236,A0237,23.0969280105105,113.239735000161,66.0,1,-30.432314885839396,12.696804463208547,0,0.0,25,157.2097,1,69.444,3.4440000000000026,1650.0
237,A0238,23.4084128090178,113.212755376026,70.0,1,-33.189342411037586,47.271617097518984,0,0.0,9,19.9231,3,68.63,-1.3700000000000045,210.0
238,A0239,23.0918714635254,113.337875769111,65.0,1,-20.403383423146053,12.13552774786259,0,0.0,17,165.7224,7,66.202,1.2019999999999982,157.85714285714286
241,A0242,23.4064905563046,113.169637572138,71.5,1,-37.59551840335033,47.05824704635377,0,0.0,0,0.0,1,69.944,-1.5559999999999974,0.0
244,A0245,23.4260402551923,113.205743562539,70.0,1,-33.905874364502495,49.22826362288859,0,0.0,0,0.0,2,69.377,-0.6230000000000047,0.0
246,A0247,23.0725067756973,113.323263141182,66.0,1,-21.89663689525235,9.98604739894332,0,0.0,4,19.9231,2,69.297,3.296999999999997,132.0
249,A0250,23.0922576316007,113.309217218266,65.5,1,-23.331979207748326,12.178392404220705,0,0.0,13,86.0575,3,68.55,3.049999999999997,283.8333333333333
252,A0253,23.0868626906769,113.332467287231,65.0,1,-20.95607212399925,11.579553961678894,0,0.0,19,92.911,6,66.729,1.7289999999999992,205.83333333333334
253,A0254,23.0934910827144,113.279266420157,65.5,1,-26.392628769615737,12.315305477841626,0,0.0,30,536.1324,1,69.34400000000001,3.8440000000000083,1965.0
254,A0255,23.0888786540514,113.328379781568,65.0,1,-21.37377125745958,11.803325896248424,0,0.0,12,67.011,4,68.003,3.003,195.0
255,A0256,23.0869086308023,113.343204462598,65.5,1,-19.85884823824168,11.584653315598274,0,0.0,13,68.634,5,67.416,1.9159999999999968,170.3
256,A0257,23.0876292287885,113.333841266126,65.0,1,-20.81566625275325,11.664639692066714,0,0.0,19,92.911,7,66.162,1.1620000000000061,176.42857142857142
257,A0258,23.0688473269984,113.322619933776,66.5,1,-21.96236577694023,9.579848593365703,0,0.0,5,21.9154,2,69.277,2.777000000000001,166.25
258,A0259,23.0140365266132,113.399594747459,68.0,1,-14.096367384632217,3.4958497506083397,0,0.0,3,19.9231,3,68.75,0.75,68.0
259,A0260,23.0830827872767,113.339986287601,65.5,1,-20.187711123923116,11.159984684257019,0,0.0,8,26.263600000000004,5,67.516,2.0160000000000053,104.8
261,A0262,23.0923158175952,113.333797010249,65.0,1,-20.82018872758208,12.184851049610295,0,0.0,22,207.19740000000002,6,66.669,1.668999999999997,238.33333333333334
262,A0263,22.941040742845,113.364357668065,65.0,1,-17.69721806033942,-4.606682247661791,0,0.0,15,119.5387,5,67.376,2.3760000000000048,195.0
263,A0264,23.0960712672027,113.321480990538,65.5,1,-22.07875353093797,12.601705956042753,0,0.0,21,236.3976,2,68.957,3.4569999999999936,687.75
264,A0265,23.0191955713843,113.325271269013,65.5,1,-21.691427820563586,4.068503720200596,0,0.0,41,902.8471999999999,2,68.557,3.057000000000002,1342.75
266,A0267,22.9663956802127,113.418650592067,67.0,1,-12.149064937525267,-1.7922841998472876,0,0.0,0,0.0,1,69.944,2.9440000000000026,0.0
267,A0268,22.9345907957979,113.416799529649,70.0,1,-12.338223615635187,-5.322626369890113,0,0.0,0,0.0,3,68.81,-1.1899999999999977,0.0
268,A0269,22.9910604358432,113.405244729793,70.5,1,-13.518999933783038,0.9455036751382089,0,0.0,0,0.0,1,69.944,-0.5559999999999974,0.0
269,A0270,22.9617871362599,113.442038240113,66.0,1,-9.759098750827015,-2.303832578607924,0,0.0,0,0.0,4,68.243,2.242999999999995,0.0
270,A0271,22.889927928137,113.461447492481,72.0,1,-7.7756818301799955,-10.280204680250037,2,33.8669456751841,0,0.0,3,71.5870895453651,-0.41291045463489695,0.0
271,A0272,23.0217001615757,113.357449441031,68.0,1,-18.403164591979593,4.346513231445975,0,0.0,4,19.9231,1,69.864,1.8640000000000043,272.0
273,A0274,23.0074313211394,113.320175523213,67.0,1,-22.212158256307433,2.762671943016521,0,0.0,0,0.0,1,69.944,2.9440000000000026,0.0
275,A0276,22.9442835155064,113.404493207404,65.0,1,-13.59579744222476,-4.246734482246595,0,0.0,9,81.6848,3,68.63,3.6299999999999955,195.0
276,A0277,22.9648193856445,113.35658051101,66.5,1,-18.49195989814762,-1.9672528969173975,0,0.0,1,0.375,1,69.924,3.4240000000000066,66.5
277,A0278,22.9345907957979,113.416799529649,70.0,1,-12.338223615635187,-5.322626369890113,0,0.0,0,0.0,3,68.81,-1.1899999999999977,0.0
278,A0279,22.9803507142826,113.322274897324,66.0,1,-21.997624792803833,-0.24327541808819575,0,0.0,7,80.8202,3,68.67,2.6700000000000017,154.0
279,A0280,22.9570529358364,113.423847297525,67.0,1,-11.618017510164155,-2.8293288256163294,0,0.0,0,0.0,1,69.944,2.9440000000000026,0.0
280,A0281,22.9685945194393,113.408129594819,65.5,1,-13.224197743679316,-1.548213045694574,0,0.0,2,19.9231,3,68.77,3.269999999999996,43.666666666666664
281,A0282,22.954544920309,113.345148218755,66.5,1,-19.660217256567606,-3.1077185491577772,0,0.0,4,21.9231,1,69.864,3.3640000000000043,266.0
282,A0283,22.9226513421145,113.37549023365,68.0,1,-16.559589545192903,-6.647905728747524,0,0.0,4,3.9846,1,69.864,1.8640000000000043,272.0
283,A0284,22.9422816695258,113.36044210182,65.0,1,-18.097346833823323,-4.4689393860929165,0,0.0,15,119.5387,5,67.376,2.3760000000000048,195.0
285,A0286,22.9543575536001,113.368049181045,65.5,1,-17.31998512171319,-3.128516253845685,0,0.0,7,39.93920000000001,5,67.536,2.0360000000000014,91.7
286,A0287,22.9677616002698,113.404437697513,65.5,1,-13.601469956290842,-1.6406670735091247,0,0.0,2,19.9231,3,68.77,3.269999999999996,43.666666666666664
289,A0290,23.0539947236249,113.269913812089,69.0,1,-27.348364763076265,7.931209618907015,0,0.0,0,0.0,1,69.944,0.9440000000000026,0.0
291,A0292,23.5552806571256,113.598866296147,70.0,1,6.267042497299677,63.57394823748472,0,0.0,24,32.931200000000004,9,64.928,-5.072000000000003,186.66666666666666
292,A0293,22.9454816134881,113.403309240742,65.0,1,-13.716786106103473,-4.113745606277931,0,0.0,8,79.6925,4,68.083,3.0829999999999984,130.0
293,A0294,22.9695087864523,113.382774251672,67.5,1,-15.815241214756018,-1.4467294072513752,0,0.0,0,0.0,1,69.944,2.4440000000000026,0.0
294,A0295,23.5634113272119,113.580384782268,70.0,1,4.378430475992651,64.4764526170639,0,0.0,0,0.0,1,69.944,-0.055999999999997385,0.0
295,A0296,23.625476281953,113.431395570977,70.0,1,-10.846665115825624,71.36566259332598,0,0.0,13,219.9701,1,69.684,-0.3160000000000025,910.0
296,A0297,23.8783980646874,113.539711364689,70.0,1,0.2220444845483654,99.43998047684444,0,0.0,0,0.0,1,69.944,-0.055999999999997385,0.0
297,A0298,23.7231177315918,113.739427045502,75.0,1,20.630839894734965,82.20386350323281,2,75.83376540303634,0,0.0,1,76.16236876304899,1.1623687630489883,0.0
298,A0299,23.5603869306323,113.601878162707,70.0,1,6.574822878768101,64.14074459672857,0,0.0,13,19.9231,4,67.98299999999999,-2.01700000000001,227.5
299,A0300,23.5443598586509,113.592683288069,70.0,1,5.635205546041328,62.361739606793,0,0.0,25,32.931200000000004,5,67.176,-2.823999999999998,350.0
300,A0301,23.5445699394393,113.592693395803,70.0,1,5.636238447786493,62.385058574305305,0,0.0,25,32.931200000000004,5,67.176,-2.823999999999998,350.0
301,A0302,23.5507963621779,113.596300622424,70.0,1,6.004858226696578,63.07619149828985,0,0.0,24,32.931200000000004,11,63.79399999999999,-6.20600000000001,152.72727272727272
302,A0303,23.8161076699866,113.957929440388,75.0,1,42.9594355048096,92.52574666505575,2,88.72966552959325,0,0.0,1,77.21983257342664,2.2198325734266433,0.0
303,A0304,23.5496608593721,113.592775572791,70.0,1,5.6446360524649535,62.95015068684623,0,0.0,27,32.931200000000004,10,64.30099999999999,-5.699000000000012,189.0
304,A0305,23.2315862158006,113.264376444648,66.5,1,-27.914224182599618,27.643865250409792,0,0.0,14,156.01080000000002,2,69.097,2.596999999999994,465.5
305,A0306,23.5565433531905,113.59466398704,70.0,1,5.837611686128446,63.71410750068848,0,0.0,40,52.8543,10,64.041,-5.959000000000003,280.0
306,A0307,23.5509090172857,113.602250999917,70.0,1,6.612922833210298,63.08869621525591,0,0.0,24,32.931200000000004,8,65.49499999999999,-4.50500000000001,210.0
307,A0308,23.451655228992,113.284509235392,70.0,1,-25.856869418778516,52.07152571465505,0,0.0,1,0.3636,2,69.357,-0.6430000000000007,35.0
308,A0309,23.2141768895224,113.283053118991,65.5,1,-26.005668860065246,25.711430033529417,0,0.0,73,5329.3659,6,65.649,0.1490000000000009,796.9166666666666
309,A0310,23.3433234671707,113.30125296199,66.5,1,-24.145840574414436,40.04670015249065,0,0.0,31,187.2024,1,69.324,2.823999999999998,2061.5
310,A0311,23.5584065115483,113.589514390519,70.0,1,5.311378285655619,63.92091807840427,0,0.0,27,32.931200000000004,5,67.136,-2.8640000000000043,378.0
311,A0312,23.2410397884986,113.311197191406,65.5,1,-23.12964723978597,28.693211819887775,0,0.0,19,121.2206,2,68.997,3.497,622.25
314,A0315,23.2290590127881,113.274368000391,66.0,1,-26.893194606162485,27.36334571602211,0,0.0,19,175.96970000000002,3,68.43,2.430000000000007,418.0
316,A0317,23.21375407025,113.284813628909,65.5,1,-25.82576367391357,25.664497094293257,0,0.0,73,5329.3659,6,65.649,0.1490000000000009,796.9166666666666
317,A0318,23.2539606231786,113.3157819451,65.5,1,-22.661134703533765,30.127424469367682,0,0.0,149,26279.4103,2,66.39699999999999,0.8969999999999914,4879.75
318,A0319,23.2138522396319,113.250263998616,65.5,1,-29.356364442351218,25.675393895684156,0,0.0,1,1.9923,4,68.223,2.722999999999999,16.375
319,A0320,23.2169617302372,113.286259611525,65.0,1,-25.6779997965039,26.020547352872132,0,0.0,73,5329.3659,6,65.649,0.6490000000000009,790.8333333333334
320,A0321,23.2945140830139,113.331306286413,69.0,1,-21.07471392553028,34.62885851108614,0,0.0,0,0.0,4,68.243,-0.757000000000005,0.0
322,A0323,23.2422595225982,113.311166428036,65.5,1,-23.1327909254582,28.828602304943335,0,0.0,19,121.2206,2,68.997,3.497,622.25
323,A0324,23.1836503160286,113.23346030743,65.0,1,-31.073521022922368,22.32298037571781,0,0.0,18,84.67330000000001,2,69.017,4.016999999999996,585.0
325,A0326,23.2370947579221,113.283780707827,65.5,1,-25.931317103426963,28.25531342589634,0,0.0,10,41.874300000000005,4,68.04299999999999,2.542999999999992,163.75
328,A0329,23.2184431225644,113.233372520524,65.0,1,-31.08249190090661,26.184981901191346,0,0.0,11,60.0544,5,67.456,2.456000000000003,143.0
329,A0330,23.2127790884372,113.264933810878,65.5,1,-27.8572673462082,25.55627411307214,0,0.0,10,152.98499999999999,5,67.476,1.975999999999999,131.0
331,A0332,23.1780159610261,113.246117778807,65.0,1,-29.780063530290185,21.69756697044041,0,0.0,16,79.6924,2,69.057,4.057000000000002,520.0
332,A0333,23.2205046444513,113.282637918591,65.5,1,-26.048097877072397,26.41381083063737,0,0.0,5,21.9154,7,66.44200000000001,0.9420000000000073,46.785714285714285
333,A0334,23.1862330842068,113.236325834633,65.0,1,-30.780694950424902,22.60966764349806,0,0.0,23,104.59640000000002,2,68.917,3.9170000000000016,747.5
334,A0335,23.2945140830139,113.331306286413,69.0,1,-21.07471392553028,34.62885851108614,0,0.0,0,0.0,4,68.243,-0.757000000000005,0.0
335,A0336,23.1589895713282,113.227692632702,65.5,1,-31.662915371112263,19.58563771397322,0,0.0,17,93.26339999999999,2,69.03699999999999,3.536999999999992,556.75
336,A0337,23.2139486173374,113.28101500123,65.5,1,-26.213942583174315,25.68609182099464,0,0.0,1,1.9923,7,66.522,1.0220000000000056,9.357142857142858
337,A0338,23.1788683820703,113.248234670775,65.0,1,-29.563739930137583,21.792185706346267,0,0.0,16,79.6924,3,68.49000000000001,3.490000000000009,346.6666666666667
338,A0339,23.2187216190125,113.232305309581,65.0,1,-31.191549385560094,26.215895006930467,0,0.0,11,60.0544,5,67.456,2.456000000000003,143.0
339,A0340,23.2179401249466,113.236867505669,65.5,1,-30.725341994121557,26.12914916561585,0,0.0,10,59.769400000000005,5,67.476,1.975999999999999,131.0
340,A0341,23.2945140830139,113.331306286413,69.0,1,-21.07471392553028,34.62885851108614,0,0.0,0,0.0,4,68.243,-0.757000000000005,0.0
341,A0342,23.2315862158006,113.264376444648,66.5,1,-27.914224182599618,27.643865250409792,0,0.0,14,156.01080000000002,2,69.097,2.596999999999994,465.5
343,A0344,23.153345169411,113.239681806102,66.0,1,-30.43775074677371,18.9591091011642,0,0.0,17,101.6079,1,69.604,3.603999999999999,1122.0
344,A0345,23.2127106445265,113.264474385999,65.5,1,-27.904215629507352,25.548676838984544,0,0.0,10,152.98499999999999,5,67.476,1.975999999999999,131.0
345,A0346,23.2213710444092,113.236085547791,65.5,1,-30.805249682322703,26.509981225964264,0,0.0,10,59.769400000000005,5,67.476,1.975999999999999,131.0
348,A0349,23.2363716469651,113.279566039833,65.5,1,-26.362010859978163,28.17504810966926,0,0.0,10,35.897400000000005,5,67.476,1.975999999999999,131.0
351,A0352,23.1570952030703,113.229730924734,65.5,1,-31.45462383938121,19.375362837346245,0,0.0,24,115.1788,2,68.89699999999999,3.3969999999999914,786.0
355,A0356,22.5192435219873,113.919528084477,65.5,1,39.03522978860794,-51.426173762866675,3,19.013715082690105,14,58.107200000000006,3,70.0891246367806,4.589124636780596,305.6666666666667
372,A0373,23.0970508132233,113.65815243231,68.0,1,12.325448220304754,12.71043556432959,2,11.322376594747173,0,0.0,3,69.73843488076928,1.738434880769276,0.0
373,A0374,23.1292895501859,113.660440161324,75.0,1,12.559229529867498,16.288935367177874,2,13.490395290235924,2,0.9847,1,71.01021241379934,-3.989787586200663,150.0
375,A0376,23.0309814250994,113.315793623072,65.0,1,-22.659941340347004,5.376733482576707,0,0.0,221,13975.5376,4,63.82299999999999,-1.1770000000000067,3591.25
376,A0377,22.9798450837371,113.32124534938,66.0,1,-22.10283352387721,-0.29940040863877115,0,0.0,7,80.8202,2,69.237,3.2369999999999948,231.0
378,A0379,23.129749076947,113.27520379821,65.0,1,-26.807785054829463,16.339942837660153,0,0.0,62,1797.1402,3,67.57000000000001,2.5700000000000074,1343.3333333333333
379,A0380,22.9626785886346,113.44558975742,66.0,1,-9.39617186487094,-2.204881365016359,0,0.0,0,0.0,4,68.243,2.242999999999995,0.0
380,A0381,23.1285800369406,113.301162220558,65.5,1,-24.155113373192464,16.210179396949858,0,0.0,18,319.1488,4,67.883,2.3829999999999956,294.75
383,A0384,22.7766539600848,113.593355832336,75.0,1,5.703932339519514,-22.853615134044006,2,33.32732519210879,0,0.0,1,72.67684066575292,-2.32315933424708,0.0
384,A0385,22.6494630437426,113.61298488569,75.0,1,7.709810557827382,-36.97180684802831,2,45.55468377115411,0,0.0,1,73.67948406923465,-1.3205159307653531,0.0
386,A0387,23.123828970428,113.329808547261,65.5,1,-21.227766764478996,15.682811014051204,0,0.0,13,101.608,2,69.11699999999999,3.6169999999999902,425.75
387,A0388,22.8083933706056,113.553916809104,72.0,1,1.6736881792060898,-19.330540566235257,2,32.59484170698161,0,0.0,5,70.34877701997249,-1.6512229800275122,0.0
388,A0389,23.1441611874437,113.293760883836,65.5,1,-24.911450413460148,17.93968710279384,0,0.0,35,336.7008999999999,4,67.54299999999999,2.042999999999992,573.125
389,A0390,22.8277143535964,113.521871138538,74.0,1,-1.6010348255235476,-17.18591145425662,2,33.14683091471276,0,0.0,2,72.09504013500644,-1.9049598649935575,0.0
391,A0392,23.127426434224,113.258166227795,65.0,1,-28.548841578137413,16.082129495406996,0,0.0,28,780.7481999999999,2,68.817,3.816999999999993,910.0
392,A0393,23.4466609971413,113.220175512121,75.0,1,-32.431084276962814,51.51716597922751,0,0.0,0,0.0,1,69.944,-5.055999999999997,0.0
393,A0394,23.0806820394645,113.275790383623,66.0,1,-26.74784233207551,10.893501677102485,0,0.0,10,66.0316,1,69.744,3.7439999999999998,660.0
395,A0396,23.120114010906,113.253472000303,65.5,1,-29.028541159577472,15.270450507109196,0,0.0,22,119.77950000000001,2,68.937,3.4369999999999976,720.5
396,A0397,23.4418427444799,113.328650207459,72.0,1,-21.346136638782525,50.98233993381196,0,0.0,13,99.6156,2,69.11699999999999,-2.8830000000000098,468.0
397,A0398,23.378032945333,113.256925866412,75.0,1,-28.67559317619542,43.89945222850618,0,0.0,0,0.0,1,69.944,-5.055999999999997,0.0
399,A0400,23.4032988937471,113.239851353182,75.0,1,-30.420424858019516,46.70397250247111,0,0.0,16,39.8462,1,69.62400000000001,-5.375999999999991,1200.0
400,A0401,23.4311596868872,113.425450543792,75.0,1,-11.45418297838348,49.79652054102219,0,0.0,0,0.0,1,69.944,-5.055999999999997,0.0
401,A0402,23.0303004946802,113.314598833626,65.0,1,-22.78203597639398,5.301150206045467,0,0.0,221,13975.5376,4,63.82299999999999,-1.1770000000000067,3591.25
402,A0403,22.9747908619712,113.329363505152,66.0,1,-21.27324528331326,-0.860419024653595,0,0.0,0,0.0,3,68.81,2.8100000000000023,0.0
403,A0404,23.0133503923012,113.395322940947,68.0,1,-14.53290008341972,3.419688841976175,0,0.0,3,19.9231,3,68.75,0.75,68.0
404,A0405,22.889927928137,113.461447492481,72.0,1,-7.7756818301799955,-10.280204680250037,2,33.8669456751841,0,0.0,3,71.5870895453651,-0.41291045463489695,0.0
405,A0406,22.842244770478,113.34507674867,73.0,1,-19.667520730870958,-15.573035180398815,1,33.29975354636988,0,0.0,2,72.10757979080232,-0.892420209197681,0.0
407,A0408,23.0276837498034,113.317861522355,65.0,1,-22.44862426587427,5.01069152472067,0,0.0,222,13977.5376,4,63.803,-1.1970000000000027,3607.5
408,A0409,22.9755619199802,113.497229597034,75.0,1,-4.119135442858474,-0.7748315856545318,2,26.80243544042269,0,0.0,1,72.14179970611467,-2.858200293885332,0.0
410,A0411,22.9122911460487,113.350763623513,75.0,1,-19.08638326223647,-7.797887492050975,1,28.965186677977737,0,0.0,1,72.31914530759418,-2.6808546924058163,0.0
411,A0412,23.0274921446275,113.320897653944,65.0,1,-22.13836425931872,4.989423350195807,0,0.0,222,13977.5376,4,63.803,-1.1970000000000027,3607.5
412,A0413,22.9505863015384,113.360998992846,65.5,1,-18.04043855817215,-3.547125232694377,0,0.0,4,20.0161,6,67.029,1.5289999999999964,43.666666666666664
413,A0414,22.9728433412892,113.33540875269,65.5,1,-20.65548597816162,-1.0765938203558036,0,0.0,3,19.9231,2,69.317,3.816999999999993,98.25
414,A0415,22.9609932512206,113.442775215343,72.0,1,-9.683787805636454,-2.3919538179702613,0,0.0,0,0.0,4,68.243,-3.757000000000005,0.0
415,A0416,22.9628339452883,113.406359711981,65.5,1,-13.405060741485993,-2.1876367764556797,0,0.0,3,21.9154,3,68.75,3.25,65.5
416,A0417,22.9537741327476,113.406340583464,65.5,1,-13.40701547026986,-3.1932759684732055,0,0.0,4,21.9154,2,69.297,3.796999999999997,131.0
417,A0418,23.5419698533912,113.597955232004,75.0,1,6.173941536852845,62.09644902296646,0,0.0,14,19.9231,4,67.963,-7.037000000000006,262.5
418,A0419,22.9429413696911,113.406527119341,65.0,1,-13.387953509110975,-4.395712667744945,0,0.0,9,81.6848,3,68.63,3.6299999999999955,195.0
419,A0420,22.8944532099976,113.409663520219,70.0,1,-13.067447059228368,-9.777898393723255,0,0.0,2,1.9923,1,69.904,-0.09600000000000364,140.0
420,A0421,23.0161960097444,113.331499140264,65.5,1,-21.055006335354125,3.7355523781717075,0,0.0,35,419.77219999999994,2,68.67699999999999,3.1769999999999925,1146.25
421,A0422,23.156559482763,113.214927947664,66.5,1,-32.96732894723045,19.315897883236218,0,0.0,10,39.8462,1,69.744,3.2439999999999998,665.0
422,A0423,22.9564903004594,113.37569955141,65.5,1,-16.5381995205234,-2.891781352463461,0,0.0,10,63.9948,2,69.17699999999999,3.6769999999999925,327.5
423,A0424,23.5536667149567,113.595113187405,75.0,1,5.883515134021867,63.394800656737004,0,0.0,40,52.8543,9,64.608,-10.391999999999996,333.3333333333333
424,A0425,23.2988137457814,113.362942086053,65.5,1,-17.841875322862133,35.10612107827835,0,0.0,5,19.9231,3,68.71000000000001,3.210000000000008,109.16666666666667
425,A0426,23.4545743426997,113.498304440238,80.0,1,-4.0092980231873785,52.3955473362099,0,0.0,0,0.0,1,69.944,-10.055999999999997,0.0
426,A0427,23.2516148006236,113.292355934019,66.0,1,-25.055021179961955,29.867038165762665,0,0.0,0,0.0,1,69.944,3.9440000000000026,0.0
427,A0428,23.2811907548296,113.237639583208,75.0,1,-30.64644397034072,33.14996908262856,0,0.0,0,0.0,1,69.944,-5.055999999999997,0.0
428,A0429,23.5532427964904,113.595383667194,75.0,1,5.911155260494224,63.34774570697771,0,0.0,24,32.931200000000004,9,64.928,-10.072000000000003,200.0
429,A0430,23.2584006380005,113.299976259658,66.0,1,-24.276305826754978,30.620266114598476,0,0.0,77,6125.1287,1,68.404,2.4039999999999964,5082.0
430,A0431,23.5538084332656,113.595332846458,75.0,1,5.9059619276560085,63.41053138902487,0,0.0,24,32.931200000000004,10,64.36099999999999,-10.63900000000001,180.0
431,A0432,23.2071763291842,113.264351529246,65.0,1,-27.916770268814723,24.93436783598937,0,0.0,16,194.8235,3,68.49000000000001,3.490000000000009,346.6666666666667
432,A0433,23.2205046444513,113.282637918591,65.5,1,-26.048097877072397,26.41381083063737,0,0.0,5,21.9154,7,66.44200000000001,0.9420000000000073,46.785714285714285
433,A0434,23.2177287604034,113.273663975906,65.5,1,-26.965138339470812,26.105687701320523,0,0.0,14,161.98770000000002,4,67.963,2.462999999999994,229.25
444,A0445,22.6315777017323,114.123302633871,72.0,1,59.858797930357234,-38.95707981117148,3,5.5965057796782,9,99.6156,2,69.6559134739336,-2.3440865260664054,324.0
460,A0461,23.1909642166212,113.333153377047,65.5,1,-20.885961121043675,23.134823341496354,0,0.0,10,25.337300000000003,3,68.61,3.1099999999999994,218.33333333333334
461,A0462,22.5239495360594,113.943441614942,65.5,1,41.47893550469845,-50.90380620086333,3,16.760960952402154,27,208.6705,5,68.51039879809697,3.010398798096972,353.7
469,A0470,23.1433909799207,113.601178905529,75.0,1,6.503366312980228,17.85419406774076,2,19.052255340728387,0,0.0,1,71.50628493793972,-3.493715062060275,0.0
472,A0473,23.1643204372819,113.243143347333,66.0,1,-30.084018448438822,20.177363834834182,0,0.0,17,101.6079,1,69.604,3.603999999999999,1122.0
473,A0474,23.1258531131285,113.412053885556,65.0,1,-12.823177420910605,15.907490853806593,0,0.0,84,5072.6704,5,65.996,0.9959999999999951,1092.0
474,A0475,23.1260611995584,113.332338938238,65.5,1,-20.96918801118754,15.93058844752553,0,0.0,16,149.9193,2,69.057,3.557000000000002,524.0
475,A0476,23.1526315749439,113.331979797491,65.0,1,-21.005888334362094,18.87990011531603,0,0.0,29,278.73269999999997,1,69.364,4.364000000000004,1885.0
478,A0479,22.9429569540966,113.393421646793,66.0,1,-14.727191904900735,-4.393982798734115,0,0.0,3,19.9231,1,69.884,3.8840000000000003,198.0
479,A0480,23.0945011126069,113.266406830693,66.5,1,-27.706740557740705,12.427418795908928,0,0.0,19,187.3881,2,68.997,2.497,631.75
480,A0481,23.1967696624656,113.270313368219,80.0,1,-27.307534422268873,23.77922783022457,0,0.0,24,254.6841,2,68.89699999999999,-11.103000000000009,960.0
482,A0483,23.0449075056443,113.788434186424,65.5,1,25.638842814905228,6.922528423060431,2,3.9651565887209324,72,203.23120000000003,1,68.82914284027513,3.329142840275125,4716.0
485,A0486,22.7775913935574,113.751681280112,70.0,1,21.883090925028576,-22.749560018585356,2,29.127862020768514,4,39.8462,1,72.25248468570302,2.252484685703024,280.0
486,A0487,22.7210375151079,114.179051768446,70.5,1,65.55576011782497,-29.02704052648014,3,15.81033910829005,2,1.9923,1,71.20044780687978,0.7004478068797795,141.0
487,A0488,22.8123049141894,114.172988181103,72.0,1,64.93612668177494,-18.896359228433386,3,23.799279213028168,0,0.0,1,71.89554089546832,-0.10445910453168494,0.0
488,A0489,22.801073004636,113.761810573039,66.5,1,22.91819576084089,-20.143101188861,2,26.54834440784302,5,54.00620000000001,1,72.02096424144314,5.520964241443139,332.5
490,A0491,23.0559517080781,113.871321006181,70.5,1,34.108984667240264,8.148434893212379,2,12.523505567971544,3,1.9923,1,70.91092745657367,0.410927456573674,211.5
491,A0492,22.9169247082038,113.643302609506,71.5,1,10.807955982084719,-7.283562092834934,2,17.47899332773664,0,0.0,1,71.37727745287441,-0.12272254712559061,0.0
492,A0493,22.8773995767733,114.127590783255,70.0,1,60.297000694957525,-11.67085168162059,3,29.171172560830705,9,39.8463,1,72.15603614998811,2.156036149988111,630.0
493,A0494,23.0648320643372,113.797148630807,66.5,1,26.529365340738742,9.134154437972281,2,5.550805448353214,3,2.0,2,69.77216604676495,3.2721660467649514,99.75
494,A0495,23.0102541618787,113.681719877102,69.0,1,14.733787701424513,3.0760072650786796,2,7.7192767348339,0,0.0,2,70.00998069225638,1.0099806922563772,0.0
495,A0496,23.061598763352,113.662638304127,67.5,1,12.783856091818459,8.775258028614967,2,9.243741882535094,0,0.0,2,70.13498683436788,2.6349868343678793,0.0
496,A0497,23.0416214033427,113.711922278254,68.5,1,17.82014838926966,6.55777106758271,2,3.8952937505306027,15,147.8812,1,69.96341408754351,1.4634140875435122,1027.5
497,A0498,23.0854273134241,113.693671167163,70.0,1,15.9550810558069,11.420227086618048,2,7.652448605636383,0,0.0,1,70.57150078566218,0.571500785662181,0.0
498,A0499,22.8552256842654,114.153499810477,70.0,1,62.94462472577083,-14.132153749997592,3,27.468948742943727,1,0.0916,2,71.60945379692139,1.609453796921386,35.0
499,A0500,22.8054401830895,113.823866505784,67.5,1,29.259644916086685,-19.65834438052218,2,27.108270866678932,12,231.10829999999999,1,71.92687821106767,4.426878211067674,810.0
500,A0501,22.822327887882,113.742463672955,70.0,1,20.941150573260266,-17.783809148554827,2,24.173874990217463,2,19.9231,1,71.88625774919782,1.8862577491978243,140.0
501,A0502,22.8509409792328,114.166906113819,70.0,1,64.31460479443585,-14.607756008616146,3,27.48071459352692,13,40.309200000000004,4,70.2364185966692,0.2364185966691963,227.5
502,A0503,22.8503093107703,114.17089092789,70.0,1,64.72180995124519,-14.677871207953629,3,27.565024761417547,12,40.217600000000004,5,69.69633203043625,-0.3036679695637474,168.0
503,A0504,23.005676034913,113.707651898251,70.0,1,17.38376146436699,2.5678351718863084,2,5.765694375979866,7,19.9231,1,70.27678693883036,0.2767869388303552,490.0
504,A0505,23.0620925439786,113.826672991858,68.0,1,29.546437619958468,8.8300676781678,2,8.209951321896455,3,2.0,3,69.42321600839551,1.4232160083955137,68.0
505,A0506,22.8447841362007,113.645469398751,69.5,1,11.0293785474956,-15.291165585179044,2,24.15878578826572,1,1.9923,1,71.90502043463779,2.405020434637791,69.5
506,A0507,22.8517147667039,113.631544853978,67.5,1,9.606439776261475,-14.521865599323995,2,24.1520813806583,3,19.9231,1,71.86447067321399,4.364470673213987,202.5
507,A0508,22.8613970561248,113.853997648851,72.5,1,32.338723793751036,-13.44713147360396,2,22.493782181728456,1,1.9923,1,71.76849013890174,-0.7315098610982602,72.5
508,A0509,22.8196359913028,113.803729101343,65.0,1,27.201818682034492,-18.0826096688461,2,25.069052679054906,4,39.8462,5,69.6516623196825,4.651662319682501,52.0
509,A0510,22.7956613516103,114.156533919082,70.0,1,63.254678005110314,-20.743794674713676,3,21.409898308580235,1,0.3636,2,71.11261166130357,1.1126116613035748,35.0
510,A0511,22.8056751375083,113.790786495221,67.0,1,25.87922348398508,-19.632264440035694,2,26.34188570072771,2,19.9231,1,72.06403462745966,5.064034627459662,134.0
511,A0512,23.0006485235747,113.615440171139,67.0,1,7.960714333626639,2.0097814133348315,2,14.427669984988238,0,0.0,2,70.56006893876904,3.560068938769035,0.0
512,A0513,22.7824964256032,113.763894855302,66.0,1,23.131186999733398,-22.205101461501783,2,28.61814314027634,3,20.285300000000003,2,71.66368773750266,5.663687737502656,99.0
513,A0514,22.9599826103358,113.047410471082,72.5,1,-50.08581405203176,-2.504134956183094,1,11.863692143956603,1,19.9231,1,70.89682275580445,-1.6031772441955496,72.5
514,A0515,23.0147858347414,113.685852854091,68.5,1,15.156133515534401,3.5790229528384607,2,7.1276293784480265,0,0.0,2,69.96146560903273,1.4614656090327287,0.0
515,A0516,22.7813971598431,113.767262814975,66.0,1,23.475356268947507,-22.327119960872896,2,28.759070175347695,1,0.3622,2,71.7152437543785,5.7152437543785055,33.0
516,A0517,23.0517083437427,113.842971110415,69.5,1,31.211930113319575,7.677421451982799,2,9.58912610331236,0,0.0,1,70.73030834047161,1.230308340471609,0.0
517,A0518,22.9914280505848,113.772501843648,67.5,1,24.01072867385915,0.9863089114560637,2,5.861363292765959,0,0.0,2,69.8576317900068,2.3576317900068062,0.0
518,A0519,23.0782913463907,113.798738433932,69.0,1,26.691826127936455,10.628134745910756,2,6.547610519839058,10,20.2553,1,70.2809040626268,1.280904062626803,690.0
519,A0520,23.0628645421618,113.798758391046,66.5,1,26.693865530424908,8.915759476503045,2,5.591725949118777,3,2.0,2,69.77552152782773,3.2755215278277348,99.75
520,A0521,23.0553868990725,113.770091056211,65.5,1,23.764372116482683,8.085741093590475,2,2.6706286077800168,504,20594.5615,3,58.94899154583796,-6.551008454162037,11004.0
521,A0522,22.8001634735636,114.062761463402,70.0,1,53.672141194313916,-20.24405913789724,3,20.0118210831848,6,19.9231,2,70.89796932882115,0.8979693288211479,210.0
522,A0523,23.0484554136479,113.549906052461,75.0,1,1.2638319704508134,7.316346211460086,2,20.46897890993753,2,19.9231,1,71.58245627061487,-3.4175437293851303,150.0
523,A0524,22.8210452694299,113.809035656989,65.0,1,27.744091617595398,-17.926179796738122,2,25.04152541533213,4,39.8462,5,69.64940508405724,4.649405084057236,52.0
524,A0525,22.7958978994958,113.797833496682,68.0,1,26.599351270083037,-20.717537859423203,2,27.532713239495806,1,2.0,1,72.18168248563866,4.18168248563866,68.0
525,A0526,23.0606086523514,113.737400338018,66.5,1,20.423732179263094,8.665355707548702,2,2.6250176420345013,42,253.3966,3,68.18525144664683,1.6852514466468307,931.0
526,A0527,23.0178395430925,113.823368605583,69.0,1,29.20876486853367,3.9179845798105575,2,7.890685364933023,26,183.2365,1,70.07103619992452,1.0710361999245208,1794.0
527,A0528,23.0582848424311,113.814796412968,67.0,1,28.332778944022444,8.407412806395179,2,6.925573385776107,3,2.0,2,69.88489701763363,2.8848970176336337,100.5
528,A0529,22.9693645389803,113.896613801214,69.5,1,36.69363639352876,-1.4627408766434655,2,16.909906725503454,0,0.0,1,71.33061235149128,1.8306123514912827,0.0
529,A0530,23.0146520620935,113.768067630237,65.5,1,23.557599736051852,3.56417418892163,2,3.365316074308221,67,822.7761,2,68.31295591809327,2.812955918093266,2194.25
530,A0531,22.9952256500461,113.800023321624,71.0,1,26.823127836065918,1.4078424516600414,2,7.129614110237992,0,0.0,1,70.52862835703952,-0.4713716429604773,0.0
531,A0532,23.0586652539435,113.832168844729,68.0,1,30.1080546967548,8.449638484271478,2,8.64860237299511,0,0.0,3,69.5191853945856,1.5191853945856053,0.0
532,A0533,22.9874480584181,113.725147041239,68.0,1,19.171576985213893,0.544529780952157,2,6.362160719242514,22,127.0933,2,69.45869717897789,1.4586971789778858,748.0
533,A0534,22.9931322469322,113.732371574368,67.0,1,19.909846599115827,1.1754747060171482,2,5.505389146493872,10,71.3259,2,69.62844191001248,2.6284419100124836,335.0
534,A0535,23.0287129725023,113.804578898355,66.0,1,27.288658800385125,5.124935244298587,2,5.71636146088803,9,19.9231,2,69.66574163979281,3.665741639792813,297.0
535,A0536,22.9741748502627,113.734588322874,67.5,1,20.13637446388159,-0.9287963242972808,2,7.474397327325658,2,1.9923,2,69.94990058084069,2.4499005808406906,67.5
536,A0537,22.9413278534327,113.676795108485,66.0,1,14.230529295586013,-4.5748129724271855,2,13.263532391865109,183,69936.81589999999,4,65.67060965613294,-0.3293903438670611,3019.5
538,A0539,23.0616798513549,113.810219858108,67.0,1,27.86510424045934,8.78425879693695,2,6.607616258055105,3,2.0,2,69.85882453316052,2.858824533160515,100.5
539,A0540,23.1793488547003,112.899403058306,70.0,1,-65.21058039105887,21.84551816827652,1,25.87057397237845,0,0.0,1,72.06538706573504,2.065387065735038,0.0
540,A0541,23.1745526562453,113.068851324902,75.0,1,-47.89478930499779,21.313140139771445,1,14.450667217857118,0,0.0,1,71.12895471186428,-3.8710452881357185,0.0
541,A0542,23.176777556242,112.87840230232,70.0,1,-67.3566318710076,21.560104039405275,1,27.53447017588231,0,0.0,2,71.63482655442235,1.6348265544223466,0.0
542,A0543,23.1694339716979,112.907385715472,70.0,1,-64.39483865126516,20.74496615500989,1,24.585558122915167,0,0.0,3,70.82601576607905,0.8260157660790526,0.0
543,A0544,23.2615298960726,113.024751811431,75.0,1,-52.40128546220765,30.967613760601584,0,0.0,2,1.9923,2,69.33699999999999,-5.663000000000011,75.0
544,A0545,23.1686518599911,112.893812550085,70.0,1,-65.78187022697456,20.65815175555535,1,25.71995755701414,14,271.4754,2,71.20603651967515,1.206036519675152,490.0
545,A0546,23.1632181205162,112.914899704195,70.0,1,-63.62698978763208,20.055006673841156,1,23.56745338184796,0,0.0,1,71.87653117731153,1.8765311773115343,0.0
546,A0547,23.0705795085387,112.84454078101,75.0,1,-70.8169152993307,9.772120744338778,1,27.223087887506146,1,0.365,1,72.15629320677552,-2.8437067932244844,75.0
547,A0548,22.9042229182472,112.901982569526,75.0,1,-64.94698207703173,-8.69346077801768,1,26.715150393113554,6,3.9846,2,71.4476423322353,-3.5523576677646957,225.0
548,A0549,23.038668502773,113.2034172001,70.0,1,-34.14360359474656,6.229999104346085,1,9.628739558582938,5,19.9231,3,69.49955664380381,-0.5004433561961861,116.66666666666667
549,A0550,23.2030049778886,113.171393135087,69.5,1,-37.41611874424494,24.47134784217776,0,0.0,2,1.9923,2,69.33699999999999,-0.16300000000001091,69.5
550,A0551,23.1701889270547,112.906063634338,70.0,1,-64.52994112929674,20.828766199614744,1,24.74452344245126,0,0.0,3,70.839050922281,0.8390509222810039,0.0
551,A0552,22.8779429180473,113.226557750351,70.5,1,-31.778888146118348,-11.610540800206625,1,22.508157338119705,0,0.0,2,71.22266890172581,0.722668901725811,0.0
552,A0553,23.1882857509082,113.205158375788,68.0,1,-33.96567415903647,22.83751364735334,0,0.0,1,1.9923,1,69.924,1.9240000000000066,68.0
553,A0554,23.1176526030152,113.177420842311,66.5,1,-36.80015187060642,14.997234231230141,0,0.0,7,21.9154,2,69.237,2.7369999999999948,232.75
554,A0555,23.1465983899744,113.110448529325,67.5,1,-43.64400222984775,18.210216583701566,1,10.722519251325984,2,0.8398,5,68.51524657860872,1.0152465786087248,27.0
555,A0556,23.1223276296192,113.191485208337,67.0,1,-35.362924870551865,15.5161621842743,0,0.0,2,1.9923,1,69.904,2.9039999999999964,134.0
556,A0557,23.1673058447853,112.902415982172,70.0,1,-64.90269196428511,20.50874406771145,1,24.89036597152886,14,271.4754,4,70.00401000966536,0.004010009665364578,245.0
557,A0558,23.1043540831342,113.199121080051,66.5,1,-34.58262087561721,13.521098524439406,0,0.0,0,0.0,1,69.944,3.4440000000000026,0.0
558,A0559,23.1858571842096,113.092755151871,75.0,1,-45.452075181875465,22.567942743808626,0,0.0,2,1.9923,1,69.904,-5.096000000000004,150.0
559,A0560,23.0667704175712,113.142195274851,66.5,1,-40.399826150423124,9.349311646946212,1,3.7801342835748235,0,0.0,2,69.68697101125314,3.186971011253135,0.0
560,A0561,23.0440368254211,112.921450878294,71.5,1,-62.957530227227146,6.825882918285092,1,19.279059268067783,0,0.0,2,70.95788285998155,-0.5421171400184477,0.0
561,A0562,22.8366157391784,113.000031758026,73.0,1,-54.927409151734174,-16.197857654654626,1,26.21627702854904,0,0.0,1,72.09373471634102,-0.906265283658982,0.0
562,A0563,23.0070736517263,113.008964017539,73.5,1,-54.014628261373055,2.722970638162593,1,11.371229768794674,0,0.0,1,70.87644084104116,-2.623559158958841,0.0
563,A0564,22.9534378642144,112.971287414513,75.0,1,-57.86477202463834,-3.230601775658407,1,17.771123087267817,0,0.0,1,71.40123209315597,-3.5987679068440315,0.0
564,A0565,23.0782653874698,113.041381325849,70.0,1,-50.70192787473066,10.625253305690762,1,7.681995816634245,0,0.0,1,70.57392365696401,0.5739236569640127,0.0
565,A0566,23.1136000139085,113.015288870752,73.5,1,-53.368296262312455,14.547396840386536,1,11.979588708468253,0,0.0,1,70.9263262740944,-2.573673725905607,0.0
566,A0567,23.038668502773,113.2034172001,70.0,1,-34.14360359474656,6.229999104346085,1,9.628739558582938,5,19.9231,3,69.49955664380381,-0.5004433561961861,116.66666666666667
567,A0568,23.0695963041142,113.156188978369,66.0,1,-38.969820098985345,9.66298505321926,1,5.197115643457025,12,55.5474,2,69.56316348276347,3.5631634827634713,396.0
568,A0569,22.903113126007,112.892336616166,73.0,1,-65.93269480554112,-8.816647716679896,1,27.57860730118195,0,0.0,4,70.50444579869692,-2.4955542013030794,0.0
569,A0570,23.0636965078897,113.135579080501,66.5,1,-41.07593008143922,9.008107672299662,1,3.0238815528975405,8,19.9231,3,68.8979582873376,2.3979582873376017,177.33333333333334
570,A0571,22.9105595649827,112.884142464646,75.0,1,-66.77004899451121,-7.99009299037699,1,27.78958809882796,0,0.0,1,72.2227462241039,-2.7772537758960993,0.0
571,A0572,23.0386304064782,113.170454746287,66.5,1,-37.51201199086602,6.2257704156235185,1,6.305412749119731,19,236.2993,1,70.08104384542783,3.5810438454278284,1263.5
572,A0573,23.0657334258076,113.132115298896,66.5,1,-41.429891321910546,9.23420556118679,1,2.856099394882457,8,19.9231,2,69.45120015038036,2.951200150380359,266.0
573,A0574,23.1566635900953,112.904940835095,70.0,1,-64.64467914057188,19.3274537971213,1,24.06829695180087,7,41.8386,1,71.77760035004768,1.7776003500476776,490.0
575,A0576,23.0723987956829,113.089683174299,67.5,1,-45.76599826250954,9.9740616173451,1,3.2391303418187434,0,0.0,2,69.64260868802913,2.142608688029128,0.0
576,A0577,23.0379121696856,113.156351582446,65.5,1,-38.95320371049274,6.146046131644848,1,4.923005863525404,52,351.44239999999996,2,68.74068648080907,3.2406864808090745,1703.0
577,A0578,22.8962453837208,112.88832892405,73.5,1,-66.34223785258483,-9.578967110448122,1,28.362045742523456,5,2.0,3,71.03568775088694,-2.464312249113064,122.5
578,A0579,23.3355556593312,113.307528712027,67.5,1,-23.504526392027575,39.184473482306196,0,0.0,25,147.3623,1,69.444,1.9440000000000026,1687.5
579,A0580,23.0723987956829,113.089683174299,67.5,1,-45.76599826250954,9.9740616173451,1,3.2391303418187434,0,0.0,2,69.64260868802913,2.142608688029128,0.0
580,A0581,23.0681764740523,112.970763459859,72.5,1,-57.91831455717342,9.505383916348514,1,14.370811892696654,6,19.9231,1,71.00240657520112,-1.497593424798879,435.0
581,A0582,23.0437280570501,113.147041134516,66.0,1,-39.904631391119324,6.791609629104176,1,3.8486954643640123,11,23.9154,2,69.47259302807784,3.4725930280778385,363.0
582,A0583,23.0396461884037,113.154622038916,65.5,1,-39.129944464714825,6.338522209353933,1,4.702493967760203,52,351.44239999999996,3,68.15560450535634,2.6556045053563366,1135.3333333333333
583,A0584,22.9879600740101,113.017085872534,70.0,1,-53.184661999989245,0.6013635116642781,1,11.729221735504678,24,123.5234,2,69.85879618231138,-0.1412038176886199,840.0
584,A0585,23.0968614013705,113.041882016009,73.0,1,-50.65076272336325,12.689410848668633,1,8.68972323041101,0,0.0,1,70.65655730489371,-2.3434426951062903,0.0
585,A0586,23.0147948092885,113.165181581555,68.0,1,-38.050872734006305,3.580019127566576,1,6.860658405750459,0,0.0,1,70.50657398927154,2.506573989271544,0.0
586,A0587,22.8245226834435,112.683258303145,75.0,1,-87.29825056852651,-17.540186841228273,1,50.280151299728544,0,0.0,1,74.06697240657775,-0.9330275934222527,0.0
589,A0590,22.9011991118098,112.885001154883,73.0,1,-66.68230008417915,-9.0291032925692,1,28.310091714215492,5,2.0,3,71.03142752056567,-1.9685724794343287,121.66666666666667
590,A0591,23.0067591551232,113.129028721165,65.0,1,-41.74530638182533,2.688061515218159,1,5.17867204055878,40,167.85039999999998,4,67.86765110732581,2.8676511073258126,650.0
591,A0592,23.0348060377823,113.088038588012,66.0,1,-45.934057299882824,5.801265490378388,1,2.8072953303313293,36,425.5539,3,68.32019821708717,2.3201982170871673,792.0
611,A0612,22.914524735596,113.67609750868,70.0,1,14.159242095500629,-7.549959052300846,2,15.843473436640501,0,0.0,1,71.24316482180453,1.2431648218045268,0.0
612,A0613,22.8561568247489,114.153990724557,70.0,1,62.99479086686697,-14.0287971563289,3,27.58277994885466,1,0.0916,2,71.61878795580608,1.6187879558060843,35.0
614,A0615,22.9799456310705,114.00208465958,67.0,1,47.47162418780734,-0.2882396546314041,2,26.60885647068889,15,202.0799,1,71.8259262305965,4.825926230596494,1005.0
617,A0618,22.9436279752327,113.675682632569,65.5,1,14.11684621734327,-4.319499452627056,2,13.118977568349258,116,67999.3868,4,66.99875616060464,1.4987561606046427,1899.5
618,A0619,23.0804329753525,113.96781959271,70.0,1,43.97010274182185,10.865855560670745,2,22.706778239960187,5,19.9231,1,71.70595581567675,1.7059558156767451,350.0
619,A0620,22.9322496901802,113.940333894816,69.0,1,41.161359919319345,-5.582489093454697,2,22.833176016886565,5,19.9231,1,71.71632043338471,2.716320433384709,345.0
620,A0621,22.7933995909888,114.160893619398,70.0,1,63.700192505708365,-20.99485010370026,3,21.37133869682674,1,0.3636,2,71.10944977313979,1.1094497731397865,35.0
621,A0622,22.8001848760928,113.78268970834,67.0,1,25.05181891434144,-20.241683457156086,2,26.828265595026494,22,2296.9002,1,71.70391777879217,4.703917778792174,1474.0
622,A0623,22.9789226838562,113.956267034415,70.0,1,42.78955548710951,-0.40178679541857676,2,22.141732977249024,11,41.8385,1,71.53962210413442,1.5396221041344234,770.0
623,A0624,22.8311081741368,113.780171847827,69.0,1,24.794520639754673,-16.809197374271918,2,23.391087801934678,0,0.0,1,71.86206919975865,2.8620691997586505,0.0
624,A0625,22.7283175842834,114.196704294559,72.0,1,67.3596585020007,-28.21895284799957,3,17.669310745261175,7,19.9231,1,71.25288348111143,-0.7471165188885749,504.0
625,A0626,22.7810824907836,114.057401414561,70.0,1,53.124401829336506,-22.362048226477267,3,17.926446869101834,0,0.0,2,70.84696864326635,0.8469686432663508,0.0
626,A0627,22.7963311816439,114.063232639014,70.0,1,53.720290276191484,-20.66944354098394,3,19.58497442046201,0,0.0,2,70.98296790247788,0.9829679024778812,0.0
627,A0628,22.8210452694299,113.809035656989,65.0,1,27.744091617595398,-17.926179796738122,2,25.04152541533213,4,39.8462,5,69.64940508405724,4.649405084057236,52.0
628,A0629,23.0488373689981,113.855765592247,70.0,1,32.51938860143497,7.358743255332264,2,10.852530739925374,0,0.0,1,70.83390752067389,0.8339075206738897,0.0
629,A0630,22.8197357594223,113.809330215857,65.0,1,27.77419236706547,-18.071535407581493,2,25.18985216109911,2,19.9231,5,69.70156787721012,4.701567877210124,26.0
630,A0631,22.922770135563,113.668950192994,66.0,1,13.428863274099358,-6.634719655963991,2,15.424785515853179,7,21.9154,2,70.50183241229996,4.501832412299962,231.0
631,A0632,22.8387027978275,113.706687858337,68.5,1,17.285246949673432,-15.96619414460421,2,22.77813978239572,2,16.6889,2,71.20480746215644,2.704807462156438,68.5
632,A0633,23.0312877339999,113.833431230766,67.5,1,30.237056977661833,5.410733770532008,2,8.580445443611394,0,0.0,2,70.08059652637613,2.5805965263761266,0.0
633,A0634,22.9988913711559,113.620642866499,66.5,1,8.49237386457324,1.8147374948479538,2,13.984313832811756,0,0.0,2,70.52371373429055,4.023713734290553,0.0
634,A0635,22.7920915007785,114.101788080371,70.0,1,57.66024186838038,-21.14004811704331,3,19.376389993414488,0,0.0,2,70.96586397945998,0.9658639794599821,0.0
635,A0636,22.9692111907922,113.763837072117,71.5,1,23.125282179460886,-1.4797625255225384,2,7.983771724235,12,21.9154,1,70.35866928138728,-1.1413307186127213,858.0
636,A0637,22.7678133746856,114.042169117525,70.0,1,51.56782483663728,-23.834920113355448,3,16.651949440766046,0,0.0,1,71.30945985414282,1.3094598541428155,0.0
637,A0638,23.0502978766506,113.756615851938,65.5,1,22.387351113430967,7.520859604759696,2,1.328030581202372,227,10293.9733,2,64.94589850765858,-0.5541014923414167,7434.25
638,A0639,22.8188764003867,113.677415476473,65.5,1,14.293924234304404,-18.16692426053325,2,25.640991730621995,5,63.761700000000005,5,69.678561321911,4.178561321911005,65.5
639,A0640,22.8824543531031,114.006817471989,75.0,1,47.95526673293271,-11.109771509012802,3,29.839336882425407,6,19.9231,1,72.27082562435888,-2.729174375641122,450.0
640,A0641,22.7406896029042,114.16644492377,70.0,1,64.26747612974195,-26.845658781090567,3,16.63132497581907,6,19.9231,1,71.18776864801715,1.1877686480171548,420.0
641,A0642,22.9654733746607,114.154279241422,75.0,1,63.02427418858797,-1.8946601161191658,3,39.30277556758315,3,1.9923,2,72.53982759654181,-2.4601724034581878,112.5
642,A0643,22.6979684232862,114.178714153794,68.0,1,65.52125953012931,-31.587709718688842,3,14.082593705456288,4,19.9231,2,70.45177268384741,2.451772683847409,136.0
643,A0644,22.9692050712888,114.17415507996,75.0,1,65.05537119948185,-1.48044179039994,3,40.19650459861027,2,1.9923,1,73.20011337708604,-1.7998866229139594,150.0
644,A0645,23.0350410631997,113.856110740986,69.0,1,32.5546590918225,5.827353311709757,2,10.857338963903535,0,0.0,1,70.83430179504009,1.8343017950400906,0.0
645,A0646,23.02874532138,113.831151892824,67.5,1,30.00413314544408,5.128525969723199,2,8.386420636845376,26,183.2365,2,69.54468649222132,2.0446864922213166,877.5
646,A0647,23.1021459843495,113.803077113899,69.5,1,27.135192574858166,13.275999559337809,2,8.77519379250471,0,0.0,1,70.6635658909854,1.1635658909853959,0.0
647,A0648,23.0230261000922,113.841660492557,68.0,1,31.077999058853088,4.493692406777239,2,9.554330374989053,3,1.9923,3,69.5334550907491,1.5334550907491007,68.0
648,A0649,22.8442148547205,114.174437866534,70.0,1,65.08426894707038,-15.354355829481204,3,27.079618212284693,6,20.2945,4,70.34352869340734,0.34352869340733605,105.0
649,A0650,23.0637715622437,113.834619040379,68.5,1,30.35843834981697,9.016438705593984,2,9.040782542580464,0,0.0,3,69.5513441684916,1.051344168491596,0.0
650,A0651,23.0284963036582,113.848423024468,68.0,1,31.769057115310083,5.100885002603476,2,10.13850761621679,0,0.0,3,69.64135762452977,1.6413576245297747,0.0
651,A0652,22.8448561052026,114.17280891256,70.0,1,64.9178073640201,-15.283177025968417,3,27.080036461973137,6,20.2945,5,69.7765629898818,-0.22343701011820372,84.0
652,A0653,23.0263155095615,113.842256654806,67.5,1,31.138920431283697,4.858816857869527,2,9.549222932870999,0,0.0,3,69.59303628049543,2.0930362804954257,0.0
653,A0654,22.8576093516002,113.053125232022,70.5,1,-49.50182692409219,-13.867566675834706,1,22.132119433809205,0,0.0,2,71.19183379357236,0.6918337935723571,0.0
654,A0655,22.9879600740101,113.017085872534,69.0,1,-53.184661999989245,0.6013635116642781,1,11.729221735504678,24,123.5234,2,69.85879618231138,0.8587961823113801,828.0
655,A0656,22.8485100847874,113.187029876878,70.5,1,-35.81821184582156,-14.877585292055535,1,23.710182055154107,0,0.0,1,71.88823492852264,1.3882349285226354,0.0
661,A0662,22.709901727628,113.168230689167,75.0,1,-37.73928671740695,-30.263112936748776,1,38.21701351950129,0,0.0,2,72.5107951085991,-2.4892048914009024,0.0
663,A0664,22.803630662197,113.252398406643,72.5,1,-29.138250889287338,-19.859201199589727,1,30.97752215305662,0,0.0,1,72.48415681655065,-0.01584318344934843,0.0
664,A0665,22.7203633425375,113.155094249377,75.0,1,-39.08168963239604,-29.10187368179442,1,36.87870522497385,8,1.9923,1,72.80805382844787,-2.1919461715521322,600.0
665,A0666,22.8572715949298,113.267790531992,68.0,1,-27.565341161332526,-13.90505766624922,1,26.78905611092417,5,2.0,1,72.04070260109579,4.040702601095788,340.0
666,A0667,22.7678996653103,113.292417323319,70.0,1,-25.048747853506118,-23.82534185401366,1,36.44177227687073,24,23.4954,1,72.4522253267034,2.452225326703399,1680.0
667,A0668,22.8469006321086,113.27797488925,68.0,1,-26.52460934289636,-15.056234539402283,1,28.335107646829886,64,199.24370000000002,1,70.98747882704005,2.98747882704005,4352.0
668,A0669,22.9095333434673,113.180925088087,70.0,1,-36.442055626895055,-8.10400357858671,1,17.194025954151236,0,0.0,1,71.3539101282404,1.3539101282404005,0.0
669,A0670,22.9301721211053,113.218367086951,72.5,1,-32.61588588672558,-5.813099260768496,1,17.30740279770638,0,0.0,1,71.36320702941192,-1.1367929705880755,0.0
670,A0671,22.8663634695488,113.138382886031,70.0,1,-40.78941130034683,-12.895859583539917,1,20.58897413949269,9,19.9231,2,70.88529587943839,0.8852958794383881,315.0
672,A0673,22.8225054564589,113.241833078018,70.0,1,-30.217913885558236,-17.764099036519113,1,28.620812053987702,3,0.3707,2,71.66390658842698,1.6639065884269826,105.0
674,A0675,23.038668502773,113.2034172001,70.0,1,-34.14360359474656,6.229999104346085,1,9.628739558582938,5,19.9231,3,69.49955664380381,-0.5004433561961861,116.66666666666667
675,A0676,22.8527143126952,113.256555405219,67.5,1,-28.71345032724426,-14.410915994289851,1,26.530090785864278,5,2.0,2,71.45246744444087,3.9524674444408703,168.75
676,A0677,23.1282410171152,113.013931250855,71.0,1,-53.50703041984093,16.172548196330425,1,13.107334493247363,11,20.4029,3,69.66480142844628,-1.3351985715537182,260.3333333333333
677,A0678,23.1010323160045,113.211687200944,67.0,1,-33.298498420330354,13.15238237304252,0,0.0,1,0.354,1,69.924,2.9240000000000066,67.0
678,A0679,22.8057463245352,113.275591790733,72.0,1,-26.768136390336004,-19.624362680049707,1,31.959553582819282,0,0.0,1,72.56468339379119,0.564683393791185,0.0
679,A0680,23.1463183060349,113.105092598317,68.0,1,-44.19132079656383,18.179127266416984,1,10.703086712873267,2,0.8398,4,69.0806531104556,1.0806531104556,34.0
680,A0681,22.8413902401261,113.263175388622,66.0,1,-28.0369591957485,-15.667888049459872,1,27.94992411531471,97,223.1544,4,68.59489377745581,2.594893777455809,1600.5
681,A0682,22.8479968450011,113.26544497456,66.5,1,-27.805031913494943,-14.934554908334924,1,27.478879610924142,68,201.2313,3,69.70326812809579,3.203268128095786,1507.3333333333333
682,A0683,22.8225054564589,113.241833078018,70.0,1,-30.217913885558236,-17.764099036519113,1,28.620812053987702,3,0.3707,2,71.66390658842698,1.6639065884269826,105.0
683,A0684,22.8413377965285,113.252832115729,66.5,1,-29.09393048355908,-15.67370928879344,1,27.376920658625064,7,2.0,3,70.91490749400725,4.414907494007252,155.16666666666666
684,A0685,22.8178291155714,113.728878210665,72.0,1,19.55286238627041,-18.283172875031553,2,24.75524443701173,3,21.9154,1,71.91393004383497,-0.08606995616503355,216.0
685,A0686,22.9133457843452,113.625675911473,75.0,1,9.006696950003812,-7.680822641139674,2,18.9486470232633,5,19.9231,1,71.3977890559076,-3.6022109440924055,375.0
686,A0687,23.1042585145758,113.864423907207,72.0,1,33.404175303692405,13.51049041445697,2,13.696681693215913,9,19.9231,1,70.8871278988437,-1.1128721011562988,648.0
687,A0688,23.2543432887861,113.14167326952,72.5,1,-40.45316948310576,30.16990035180017,0,0.0,0,0.0,1,69.944,-2.5559999999999974,0.0
688,A0689,22.8046147160884,113.738957680873,72.0,1,20.582875875850707,-19.74997121764466,2,26.15212197493537,8,79.6924,2,71.3614740019447,-0.6385259980553002,288.0
689,A0690,23.2297821786792,113.08571823344,75.0,1,-46.171172590710796,27.44361712993448,0,0.0,10,39.8463,3,68.61,-6.390000000000001,250.0
690,A0691,23.1282410171152,113.013931250855,75.0,1,-53.50703041984093,16.172548196330425,1,13.107334493247363,11,20.4029,3,69.66480142844628,-5.335198571553718,275.0
691,A0692,23.1507239282908,113.106826651341,68.0,1,-44.01411922053804,18.66815133682212,1,11.18505789337165,2,0.8398,4,69.12017474725647,1.1201747472564705,34.0
693,A0694,23.0350962096639,113.215226958534,68.0,1,-32.93677325101975,5.8334745692362056,1,10.879575327621813,0,0.0,1,70.836125176865,2.8361251768649964,0.0
694,A0695,23.0671216566109,113.711024992321,72.0,1,17.728455413753938,9.388299180353137,2,4.99259878525405,8,19.9231,1,70.19339310039084,-1.8066068996091644,576.0
695,A0696,22.9689426342209,113.985753238143,68.0,1,45.80272849815246,-1.5095723049367749,2,25.349720978878125,4,19.9231,1,71.94267712026802,3.9426771202680158,272.0
696,A0697,22.8249515950992,114.147304677072,75.0,1,62.31154869645364,-17.492577647445607,3,24.08216975367503,0,0.0,1,71.91873791980136,-3.0812620801986412,0.0
697,A0698,23.0298667434828,113.806949257104,66.0,1,27.530883980501,5.253003823133824,2,5.927303016863605,9,19.9231,2,69.6830388473828,3.6830388473828037,297.0
699,A0700,22.9246374356847,113.663224470031,72.0,1,12.843755945262082,-6.42744934245502,2,15.575856691318094,7,21.9154,2,70.51422024868808,-1.4857797513119237,252.0
700,A0701,22.9443423605056,113.677128266642,65.5,1,14.264574477405864,-4.240202687335142,2,12.969014484256236,116,67999.3868,4,66.98645918770902,1.4864591877090163,1899.5
701,A0702,22.8444321776728,114.174983888962,75.0,1,65.14006656885454,-15.330232981776035,3,27.123811337849496,6,20.2945,4,70.34715252970365,-4.652847470296351,112.5
702,A0703,22.7810824907836,114.057401414561,69.0,1,53.124401829336506,-22.362048226477267,3,17.926446869101834,0,0.0,2,70.84696864326635,1.8469686432663508,0.0
703,A0704,22.9178973547884,114.014809217311,75.0,1,48.77193718456225,-7.175598321944328,2,30.265054571558455,17,696.4150000000001,1,72.08573447486779,-2.9142655251322083,1275.0
704,A0705,23.0824818204854,113.87562020652,68.5,1,34.548316720630865,11.093277370422342,2,13.675716696391584,0,0.0,3,69.93140876910411,1.4314087691041095,0.0
705,A0706,22.7884983701101,114.109162080758,75.0,1,58.413785429108046,-21.538885621235618,3,19.12667502218668,0,0.0,2,70.9453873518193,-4.054612648180694,0.0
706,A0707,23.1090441157491,113.824963965626,72.0,1,29.371793513007614,14.04169214469323,2,10.835993211781865,9,19.9231,2,70.0855514433661,-1.9144485566339,324.0
707,A0708,22.8886494830168,113.668795077192,75.0,1,13.413012106804626,-10.42211208859218,2,18.737613888770124,0,0.0,1,71.48048433887915,-3.519515661120849,0.0
708,A0709,22.8231151648424,113.682687043119,65.5,1,14.832621670236582,-17.696421405950595,2,25.037649253758094,3,21.9154,5,69.66908723880816,4.16908723880816,39.3
709,A0710,23.0214706869108,113.976730290197,72.0,1,44.88068022494121,4.321041543641844,2,23.260508207651277,5,19.9231,1,71.75136167302742,-0.24863832697258204,360.0
710,A0711,22.8415806472933,113.983753398078,75.0,1,45.5983663440454,-15.646752853900736,3,26.126875081254536,0,0.0,1,72.08640375666288,-2.9135962433371247,0.0
711,A0712,22.8019369732641,113.721548430265,72.0,1,18.803837632799763,-20.047200671141578,2,26.584462485592752,5,136.8014,1,72.02392592381861,0.023925923818609363,360.0
712,A0713,23.0999697184324,113.660367638426,68.0,1,12.551818469393982,13.034434042539676,2,11.322835984716495,0,0.0,3,69.73847255074675,1.7384725507467493,0.0
713,A0714,22.8206529271952,113.67932364446,66.0,1,14.488918487616708,-17.96972978478951,2,25.39615157447165,4,23.9154,5,69.67848442910667,3.6784844291066747,52.8
714,A0715,23.000784269834,113.950923237718,72.0,1,42.24347691651933,2.024849248117121,2,20.98854831274478,0,0.0,1,71.66506096164507,-0.334939038354932,0.0
715,A0716,22.7439453430623,114.143999862305,75.0,1,61.97383215775311,-26.484271623541524,3,15.69918534885684,4,38.0205,2,70.58433319860626,-4.415666801393741,150.0
716,A0717,22.8387027978275,113.706687858337,72.0,1,17.285246949673432,-15.96619414460421,2,22.77813978239572,2,16.6889,2,71.20480746215644,-0.7951925378435618,72.0
717,A0718,22.7022856763495,114.17366808878,75.0,1,65.00560593659078,-31.108494628662296,3,13.987583710339923,8,39.8462,2,70.36398186424788,-4.636018135752124,300.0
718,A0719,22.8291522954934,113.734764672822,72.0,1,20.154395532605474,-17.026299903689363,2,23.455821626055435,2,19.9231,1,71.82737737333655,-0.17262262666345407,144.0
719,A0720,23.0250614847676,114.103597283837,75.0,1,57.84512301162807,4.719620105746859,2,36.17186750359009,0,0.0,1,72.91009313529439,-2.089906864705611,0.0
720,A0721,22.7482989235827,114.139154251471,75.0,1,61.47866282630232,-26.001024185777343,3,15.898150262926203,8,57.9436,2,70.52064832155995,-4.479351678440054,300.0
721,A0722,22.8766088620577,113.675043962504,75.0,1,14.05158100312394,-11.758621015052078,2,19.68757523523358,3,39.8463,1,71.49838116928916,-3.5016188307108393,225.0
722,A0723,22.7359118422042,114.275790353461,65.5,1,75.44140345742217,-27.37599021879073,3,24.65323382755087,118,1911.8373,2,69.03856517385917,3.538565173859169,3864.5
723,A0724,23.0824818204854,113.87562020652,68.5,1,34.548316720630865,11.093277370422342,2,13.675716696391584,0,0.0,3,69.93140876910411,1.4314087691041095,0.0
724,A0725,22.9654733746607,114.154279241422,75.0,1,63.02427418858797,-1.8946601161191658,3,39.30277556758315,3,1.9923,2,72.53982759654181,-2.4601724034581878,112.5
725,A0726,22.8358629451655,114.112857784184,75.0,1,58.79144658626409,-16.281417790086547,3,24.35775538683716,12,39.466300000000004,1,71.70133594172066,-3.2986640582793427,900.0
726,A0727,22.9456590628681,113.950584289981,72.0,1,42.20884010186787,-4.09404872509786,2,23.01758888873896,0,0.0,2,71.2644422888766,-0.7355577111234055,0.0
727,A0728,23.0056171711805,113.938165520835,72.0,1,40.93977541092722,2.561301297578627,2,19.603585861670418,3,5.9769,1,71.49149404065697,-0.5085059593430259,216.0
729,A0730,22.766760474344,113.262949835787,72.5,1,-28.060008270538532,-23.95179205127285,1,35.110385956082666,23,19.9231,1,72.3630516483988,-0.13694835160120533,1667.5
730,A0731,22.8847994536314,113.258954240253,73.0,1,-28.468315176952558,-10.849465350371656,1,23.831698593024427,0,0.0,1,71.898199284628,-1.1018007153719935,0.0
731,A0732,22.8442556528527,113.258879341336,66.0,1,-28.475969041022736,-15.349827236807332,1,27.441187737300176,12,4.0,6,69.11917739445862,3.1191773944586174,132.0
732,A0733,22.9511921373438,113.267032816684,75.0,1,-27.642771519516888,-3.479877458295153,1,19.43703062587776,10,82.0484,1,71.33783651132198,-3.6621634886780186,750.0
734,A0735,23.2044587942103,113.163389144961,75.0,1,-38.23404048319755,24.63272145388643,0,0.0,2,1.9923,2,69.33699999999999,-5.663000000000011,75.0
735,A0736,22.7836039192068,113.291565936306,72.0,1,-25.135750452863757,-22.08216967150199,1,34.9089810749901,0,0.0,1,72.80653644814919,0.8065364481491883,0.0
736,A0737,23.2604804048825,113.023625339017,75.0,1,-52.51639883206909,30.851120238500656,0,0.0,2,1.9923,2,69.33699999999999,-5.663000000000011,75.0
737,A0738,22.9870641976251,113.768942907685,68.0,1,23.647043681017642,0.5019212329290816,2,6.186523145227994,0,0.0,2,69.88429489790869,1.8842948979086884,0.0
738,A0739,23.0955424458077,113.184764535666,85.0,1,-36.04970536271351,12.543006781197644,0,0.0,5,19.9231,3,68.71000000000001,-16.289999999999992,141.66666666666666
739,A0740,23.1035079563968,113.183697797873,80.0,1,-36.15871449652433,13.427178456587978,0,0.0,14,52.077000000000005,3,68.53,-11.469999999999999,373.3333333333333
740,A0741,22.8206529271952,113.67932364446,66.0,1,14.488918487616708,-17.96972978478951,2,25.39615157447165,4,23.9154,5,69.67848442910667,3.6784844291066747,52.8
741,A0742,22.9896558558926,113.88973869186,85.0,1,35.99107413273263,0.7895953006217624,2,15.33428960209055,5,3.8779,1,71.10141174737143,-13.89858825262857,425.0
742,A0743,22.9413278534327,113.676795108485,72.0,1,14.230529295586013,-4.5748129724271855,2,13.263532391865109,183,69936.81589999999,4,65.67060965613294,-6.329390343867061,3294.0
743,A0744,22.833992257428,114.096809684656,72.0,1,57.151503349678315,-16.489064128948762,3,23.910613385948746,0,0.0,1,71.9046702976478,-0.09532970235220262,0.0
744,A0745,23.221138677572,112.92484586407,75.0,1,-62.61059918084772,26.484188507035142,1,26.81153096246258,0,0.0,1,72.14254553892194,-2.8574544610780634,0.0
745,A0746,23.024293694452,113.791300864956,66.5,1,25.931786540847153,4.634395380714935,2,4.566410010445169,0,0.0,1,70.31844562085651,3.818445620856508,0.0
746,A0747,22.8206529271952,113.67932364446,66.0,1,14.488918487616708,-17.96972978478951,2,25.39615157447165,4,23.9154,5,69.67848442910667,3.6784844291066747,52.8
747,A0748,23.0962141788758,113.657281174779,68.0,1,12.236415067637738,12.61756915175705,2,11.344949732504373,0,0.0,3,69.74028587806536,1.7402858780653645,0.0
748,A0749,22.9704957404223,113.919336448962,85.0,1,39.01564669927351,-1.3371775165814697,2,18.946288215823962,0,0.0,1,71.49759563369757,-13.502404366302429,0.0
749,A0750,23.0294146213547,113.995516745558,85.0,1,46.80045398724508,5.20281826691485,2,25.116670028743485,5,19.9231,1,71.90356694235697,-13.096433057643026,425.0
750,A0751,23.1175980334657,113.88363678999,85.0,1,35.36752536394867,14.991177011235887,2,16.1456905286445,13,19.9231,1,71.00794662334884,-13.992053376651157,1105.0
751,A0752,22.8184991007943,113.806716820553,65.0,1,27.507131463945218,-18.208804515289756,2,25.26049800197485,2,19.9231,5,69.70736083616194,4.707360836161939,26.0
752,A0753,22.9629450030037,113.678640867595,66.5,1,14.419146032636252,-2.1753093700461825,2,11.23969968151912,7,21.9154,1,70.72565537388456,4.225655373884564,465.5
753,A0754,23.0635445240355,113.771058201567,65.5,1,23.863203973962136,8.991237464483596,2,3.385387334056427,307,10478.534199999998,3,62.947601761392626,-2.552398238607374,6702.833333333333
754,A0755,22.8002965692193,113.747257394969,72.0,1,21.4310174251708,-20.229285520114715,2,26.608556855139053,9,93.85240000000002,2,71.3789016621214,-0.6210983378786068,324.0
755,A0756,23.0781565993019,113.874114264706,67.5,1,34.3944256578134,10.613177819053881,2,13.371633922683014,0,0.0,3,69.90647398166001,2.406473981660014,0.0
756,A0757,23.0598321533773,113.587232366643,75.0,1,5.078179979859194,8.579164321423463,2,16.77814394261709,7,108.7365,1,71.17980780329461,-3.820192196705392,525.0
757,A0758,23.1270333724732,113.012003662401,72.0,1,-53.7040092360885,16.038499641068306,1,13.168074584586531,11,20.4029,3,69.6697821159361,-2.3302178840638987,264.0
758,A0759,23.0423525405033,113.73183708259,67.0,1,19.855227285794104,6.638927292409239,2,1.874334459076016,1,39.8463,1,70.07769542564424,3.0776954256442366,67.0
759,A0760,22.8086981089585,114.100226422955,85.0,1,57.50065727004532,-19.296714609063503,3,21.172017764657905,6,19.9231,1,71.56010545670195,-13.439894543298053,510.0
760,A0761,23.1050098142636,113.81981570219,72.0,1,28.845696339489137,13.593884679802681,2,10.147502721495458,0,0.0,2,70.20909522316262,-1.7909047768373796,0.0
761,A0762,23.0546665424943,113.741403919488,66.0,1,20.832855162477912,8.005781513410358,2,1.8498575987215284,42,253.3966,3,68.12168832309517,2.121688323095171,924.0
762,A0763,23.0571480063294,113.663448043001,72.0,1,12.866602699134447,8.281223999106416,2,9.047176124372738,0,0.0,2,70.11886844219856,-1.8811315578014387,0.0
763,A0764,23.0422956723757,113.807775788003,66.0,1,27.61534655223957,6.63261493024595,2,5.909560832843907,0,0.0,1,70.4285839882932,4.428583988293198,0.0
764,A0765,23.0037161609897,113.881268016751,85.0,1,35.12546220590649,2.350289166399886,2,14.005749946972058,0,0.0,1,71.09247149565171,-13.907528504348292,0.0
765,A0766,23.0087768345489,113.738185622321,72.0,1,20.503979792336636,2.912023931471065,2,3.6700340862026946,25,173.1176,1,69.74494279506862,-2.2550572049313757,1800.0
766,A0767,22.9381595638576,113.887040884362,70.0,1,35.71538721091054,-4.92649311526333,2,17.997274638216396,0,0.0,1,71.41977652033374,1.4197765203337411,0.0
767,A0768,23.050802973719,113.715671602434,72.0,1,18.20328901100113,7.576925379352289,2,3.707280537242673,0,0.0,1,70.2479970040539,-1.7520029959460999,0.0
768,A0769,23.0832246049506,113.728526388413,66.5,1,19.516909934602165,11.175726446059855,2,5.275927675509935,3,2.0,1,70.31662606939182,3.816626069391816,199.5
769,A0770,23.0543426926731,113.754890746037,65.5,1,22.21106383718482,7.969834183257166,2,1.6686430200688942,226,10207.6737,2,64.99382872764565,-0.5061712723543508,7401.5
770,A0771,22.9166930484938,114.024871476885,72.0,1,49.800191932381594,-7.309276320644916,2,31.24616425917248,1,0.0923,1,72.48618546925215,0.486185469252149,72.0
771,A0772,23.0260996458756,113.746607957814,66.5,1,21.36465193011292,4.834855988734777,2,1.5813962922147973,8,19.9231,1,69.91367449596162,3.413674495961615,532.0
772,A0773,23.0732836216131,114.023446723923,85.0,1,49.65459749736755,10.072277295597289,2,28.186487339590816,1,2.0,1,72.23529196184646,-12.764708038153543,85.0
773,A0774,23.0863688268226,113.950534371144,72.0,1,42.20373893341102,11.524735073851723,2,21.12893213436706,0,0.0,1,71.6765724350181,-0.3234275649818983,0.0
774,A0775,23.138716748176,113.111198007171,85.0,1,-43.56741365171901,17.335354344079313,1,9.848319993610167,2,0.8398,2,70.14456223947602,-14.855437760523984,85.0
775,A0776,22.9880788465572,114.02085788919,66.0,1,49.390046420548835,0.6145472643924421,2,28.27240736368493,12,39.265600000000006,1,72.02233740382218,6.022337403822178,792.0
776,A0777,23.0432640719596,112.92608125962,85.0,1,-62.484355037532545,6.7401072840589045,1,18.809384404941166,0,0.0,2,70.91936952120517,-14.08063047879483,0.0
777,A0778,23.061022998073,112.922148208607,80.0,1,-62.88627056632593,8.711348082646097,1,19.235387676579492,8,39.8463,2,70.79430178947952,-9.205698210520481,320.0
778,A0779,22.9408117474556,113.945322628052,72.0,1,41.67115482152661,-4.632100735885107,2,22.79505048866235,0,0.0,2,71.2461941400703,-0.7538058599296988,0.0
779,A0780,22.9958708444062,113.762143365587,72.0,1,22.952203581350474,1.4794590256311437,2,5.053076702765943,0,0.0,1,70.35835228962681,-1.6416477103731921,0.0
780,A0781,22.9133414171648,113.84836931568,72.0,1,31.763568654606352,-7.6813073981639235,2,17.283137217639666,10,34.7793,2,70.59421725184644,-1.4057827481535554,360.0
781,A0782,22.9733332699073,113.730314028056,67.5,1,19.699587486973492,-1.0222117437465386,2,7.668573511878941,2,1.9923,2,69.96582302797407,2.465823027974068,67.5
782,A0783,23.1127608293168,112.929911359432,70.0,1,-62.09296001464131,14.454247350708112,1,19.677560495717596,0,0.0,2,70.99055996064884,0.990559960648838,0.0
783,A0784,23.1235871810544,113.164835494985,68.0,1,-38.0862390606397,15.655972393581582,0,0.0,2,1.9923,1,69.904,1.9039999999999964,136.0
784,A0785,23.0591386340413,113.743130759118,66.0,1,21.009319607190534,8.502183675127458,2,2.2373594765259366,42,253.3966,3,68.15346347707512,2.153463477075121,924.0
785,A0786,23.0681283794355,113.025536318701,80.0,1,-52.32111725355216,9.50004541388359,1,8.862739279889016,0,0.0,1,70.6707446209509,-9.329255379049101,0.0
786,A0787,23.0972442086687,113.752357670924,71.0,1,21.95221079405096,12.731902458769024,2,6.358673165793089,0,0.0,1,70.46541119959504,-0.5345888004049613,0.0
787,A0788,23.1988536579718,113.185160535684,85.0,1,-36.009238418320884,24.010551331412866,0,0.0,0,0.0,1,69.944,-15.055999999999997,0.0
788,A0789,23.0934829483957,113.182621538042,85.0,1,-36.26869668024455,12.314402568465784,0,0.0,5,19.9231,2,69.277,-15.722999999999999,212.5
789,A0790,23.2319069152492,113.089087363288,85.0,1,-45.826883742192706,27.67946288920447,0,0.0,10,39.8463,3,68.61,-16.39,283.3333333333333
791,A0792,23.062334149945,113.105684107343,66.5,1,-44.130874933496585,8.856885940437966,1,1.4383753187744515,4,2.365,2,69.4149467761395,2.9149467761395016,133.0
792,A0793,23.1097103215366,113.180840492262,85.0,1,-36.45070041070815,14.115640987105703,0,0.0,14,52.077000000000005,3,68.53,-16.47,396.6666666666667
793,A0794,23.2292311126214,113.082718812903,85.0,1,-46.47768112243816,27.3824487975184,0,0.0,10,39.8463,3,68.61,-16.39,283.3333333333333
794,A0795,23.1150190928058,112.930563684639,70.0,1,-62.02629939171791,14.704914597986797,1,19.705650464162204,0,0.0,2,70.9928633380613,0.9928633380612979,0.0
795,A0796,23.1152677456473,113.116939915803,85.0,1,-42.98065232152443,14.732515063393592,1,7.279348017290603,0,0.0,3,69.40690653741783,-15.593093462582175,0.0
796,A0797,22.8025686356877,113.287397853538,85.0,1,-25.561683700161282,-19.977086142122296,1,32.908200471876604,0,0.0,1,72.64247243869389,-12.357527561306114,0.0
797,A0798,23.0600749433877,112.921689887746,85.0,1,-62.93310603085378,8.606114012577894,1,19.275736969470362,8,39.8463,2,70.79761043149657,-14.202389568503435,340.0
798,A0799,23.1502912237444,113.109264614765,67.5,1,-43.76498556946267,18.620121132171537,1,11.132579476579506,2,0.8398,4,69.11587151707951,1.615871517079512,33.75
799,A0800,23.110656485148,113.130968681083,85.0,1,-41.54706333496316,14.22066514797099,1,7.065622114463306,25,146.9375,2,69.456381013386,-15.543618986614007,1062.5
800,A0801,23.0650595011001,113.057277936699,72.0,1,-49.077465152363736,9.159399918654408,1,5.6409926425230985,13,83.6772,4,68.44556139668688,-3.554438603313116,234.0
801,A0802,22.9359515728405,113.899085229213,80.0,1,36.94618976438692,-5.171580118161209,2,19.117805359939645,0,0.0,1,71.51166003951505,-8.48833996048495,0.0
802,A0803,23.1145839344212,113.861314181041,72.0,1,33.08639472259187,14.656612017296485,2,14.068830505988457,4,4.7742,1,71.01764410149106,-0.982355898508942,288.0
803,A0804,22.9067297737592,113.847587430565,72.0,1,31.683668402000166,-8.415199816185751,2,17.840436976172064,10,34.7793,2,70.6399158320461,-1.3600841679539002,360.0
804,A0805,22.909766201816,114.074039829211,80.0,1,54.82466892483676,-8.0781563018807,3,32.16669762042509,0,0.0,1,72.58166920487486,-7.418330795125144,0.0
805,A0806,23.1146532512226,113.836965417065,72.0,1,30.598212820930076,14.6643061822516,2,12.150876470271836,48,486.7623,1,69.9803718705623,-2.019628129437706,3456.0
806,A0807,23.0390982506854,113.773177736349,65.5,1,24.079797641291904,6.277701122622389,2,2.3706295294816235,28,50.4947,1,69.5783916214175,4.078391621417495,1834.0
807,A0808,22.8467040067956,114.159286453825,85.0,1,63.53595746299184,-15.078059949145125,3,26.767212548659067,1,0.0916,2,71.55191142899004,-13.448088571009961,42.5
808,A0809,23.1152677456473,113.116939915803,85.0,1,-42.98065232152443,14.732515063393592,1,7.279348017290603,0,0.0,3,69.40690653741783,-15.593093462582175,0.0
809,A0810,22.8640296541497,113.139840112737,72.0,1,-40.640498397823954,-13.154913092840157,1,20.866716948244765,9,19.9231,2,70.90807078975605,-1.091929210243947,324.0
814,A0815,23.1127516798931,113.12539121536,80.0,1,-42.11702036780511,14.453231764677362,1,7.14080231342136,25,146.9375,4,68.32854578970054,-11.671454210299459,500.0
826,A0827,23.0666723454291,113.154870338644,65.5,1,-39.104570902015475,9.338425639173334,1,4.944643446623337,12,55.5474,2,69.54246076262311,4.042460762623108,393.0
827,A0828,23.0128081082158,113.760312199449,66.0,1,22.765078089149956,3.3594953084969816,2,3.196970542595857,67,822.7761,2,68.29915158449285,2.299151584492847,2211.0
828,A0829,23.1790300071117,112.876192460885,80.0,1,-67.58245390737628,21.810126085941697,1,27.856530597367858,0,0.0,2,71.66123550898416,-8.338764491015837,0.0
829,A0830,23.1234111293555,113.151774758095,85.0,1,-39.420905953139815,15.636430655003583,0,0.0,6,19.9231,1,69.824,-15.176000000000002,510.0
831,A0832,22.8332623991325,113.280151555364,72.0,1,-26.30217746766252,-16.570078399749285,1,29.68353069361952,1,0.0124,1,72.3580495168768,0.35804951687680386,72.0
832,A0833,22.8146759735082,113.827731195748,85.0,1,29.654574680630393,-18.633171644046513,2,26.242034280162336,0,0.0,1,72.09584681097331,-12.904153189026687,0.0
833,A0834,23.0636739781751,113.771188397476,65.5,1,23.876508596108437,9.005606873979193,2,3.4049374662087053,57,208.0883,3,67.94920487222912,2.4492048722291173,1244.5
834,A0835,23.1232943054161,113.110382335887,85.0,1,-43.650766487557405,15.623463197730128,1,8.135761716737067,2,2.0,1,70.57113246077243,-14.428867539227568,170.0
