,x,y,dis,around,renwu,任务标价,是否成功
2,42.88469058096302,-45.06939175812747,12.497077673137877,179,2,66.8217603691973,1
3,72.25113067342812,-46.364874763364746,18.860734761325173,0,2,70.92358025042866,1
4,42.2229806163334,-47.02566433328817,13.949324779411329,5,2,70.42084463191173,1
5,71.9186384033187,-47.013309007237524,18.770609483330784,1,2,70.89618997763313,1
7,42.82087686355016,-46.59434534527147,13.217418778796219,21,2,70.04082833986128,1
8,36.59622619870437,-53.56088120791044,22.243725036915187,5,2,71.10098545302705,1
17,36.88451941905329,-53.76310375573772,22.13643470514278,5,2,71.09218764582171,1
23,49.26653920963919,-48.876936250346354,10.0515037560906,7,2,70.06122330799943,1
24,47.12166943472014,-48.612757597553184,11.100124731107439,0,1,70.85421022795082,1
27,41.67005600945274,-48.22467919076006,15.035724271992235,6,1,71.05692939030337,1
30,60.687000217277294,-48.796297039754435,10.608963601916969,16,2,69.92693501535719,1
32,42.838354584783765,-47.899755644166675,13.877452684573846,110,1,68.88195112013506,1
34,60.721486117414734,-48.09321976008178,10.072241492228143,44,2,69.32292380236271,0
36,51.564400802423506,-25.104102927909796,15.403572497019605,3,1,71.14709294475561,1
37,90.45829536745977,-37.86228633158488,36.124933569056346,1,2,72.31924455266262,1
41,70.39190898346439,-38.53299555030783,16.071214724703747,20,2,70.2948396074257,1
42,74.24646855754479,-27.141048359571517,23.770837504688917,2,1,71.8532086753845,1
45,36.69556413392773,-21.491866153270177,25.79615650673632,25,2,70.99228483355238,0
46,72.22261847391998,-31.24724835880629,19.95327053232289,2,1,71.54016818365048,1
47,59.67385418137757,-38.96120835538369,5.415692551947688,12,2,69.58108678925971,1
48,67.23996013905297,-37.83186223238336,13.05260014846718,29,1,70.43431321217432,0
49,82.55668435669325,-32.53843227758903,29.180134877074124,5,1,72.23677105992009,1
52,85.97227603674123,-25.738500270268318,34.73353495870076,2,1,72.75214986661346,1
54,70.76026209166145,-37.86898900906494,16.519775978088298,25,2,70.23162163020324,0
55,78.89514328548503,-22.88096751849091,30.014073492691985,0,1,72.40515402640075,1
57,62.33021629264412,-32.09528138730715,11.361030496036536,0,1,70.875604500675,1
58,53.2482896312274,-42.01268809290075,2.1185997994260912,18,1,69.75772518355295,1
62,90.45829536745977,-37.86228633158488,36.124933569056346,1,2,72.31924455266262,1
63,77.99778734812631,-22.326942639116364,29.61846453916844,10,1,72.1727140922118,1
64,75.63814314214089,-28.81572886727328,24.10643520275462,16,1,71.60072768662589,0
65,69.83559842544226,-34.169715565973334,16.576109084751643,10,1,71.10324094494963,1
68,68.72781896723619,-36.14483129225392,14.89079147575888,32,2,69.95804490101223,0
69,28.70605972407729,-27.078671596773532,28.88019800161465,21,2,71.32517623613239,0
70,80.18979542643405,-29.545876993224056,27.909036511901018,7,1,72.09254099397589,1
71,52.02455612470573,-50.974349760201186,10.994456351847878,22,2,69.83854542085152,1
72,68.96919841993282,-36.57762620696661,15.01152114083802,14,2,70.3279447335487,1
73,55.754011217289744,-49.87973501888621,9.730540030892309,16,1,70.42190428253318,1
75,40.782263776175434,-36.88130581147858,14.037843096502005,5,2,70.42810313391317,1
77,28.70605972407729,-27.078671596773532,28.88019800161465,21,2,71.32517623613239,0
78,46.75175081758099,-26.589083361953104,15.655181775104621,0,1,71.22772490555859,1
79,51.83867411696411,-38.58229144391355,3.0621077735736293,7,2,69.48809283743303,1
80,49.940031052345724,-25.657539700401905,15.254820376629299,10,1,70.9948952708836,1
82,47.26728369792304,-33.08602766724475,10.112150138412574,16,1,70.45319631134984,1
84,28.565970456890593,-32.10418239788662,27.096798208659816,34,1,71.4859374531101,0
85,32.06930829337299,-25.145979284446145,26.964510489552833,9,1,71.97508986014333,1
87,38.77733106869589,-22.719988635458588,23.48331284385061,6,1,71.74963165319575,1
88,27.63779095914218,-30.699340618225115,28.42386416430721,7,2,71.56775686147319,1
89,44.46779548563549,-30.844393216739924,13.68221173950326,3,1,71.00594136263926,1
90,52.735292096908765,-36.68469800538928,3.9327691077174465,39,1,69.48648706683284,0
93,28.461321688462057,-30.39098303073471,27.75745058785667,6,2,71.53311094820424,1
94,33.82389388289954,-41.61085818817072,20.63339071264205,1,2,71.04893803843665,1
97,29.105903023719847,-34.12635651283988,26.03447977311343,5,2,71.41182734139531,1
99,51.147788639243885,-41.15517094244869,3.3893289113602076,5,1,70.12192497073154,1
101,40.09641043541939,-36.650936941181904,14.759023668369332,5,2,70.48723994080629,1
104,29.447535354086163,-34.31108312905674,25.659204977251694,5,2,71.38105480813464,1
106,39.447358578244454,-34.634262994576595,15.980762455819901,12,1,71.01442252137724,1
107,31.40930384094195,-31.31924043905086,24.672576768200337,17,1,71.62715129499243,0
109,40.10668929675346,-30.537164671310418,17.28656098000891,0,1,71.36149800036074,1
110,32.06922888875019,-38.73732250531042,22.393236092113135,0,1,71.78024535955328,1
112,51.18386005994212,-34.78181844939641,6.343160429659634,11,1,70.24413915523209,1
113,32.447567692654296,-42.87503944172599,22.12150890778704,15,2,70.89096373043853,1
114,28.002822387000883,-33.006311417501365,27.382374963577224,5,1,72.08935474701335,1
115,57.1481174168287,-30.584301172958455,10.038042876424312,19,1,70.3871195158668,1
117,33.96319396990459,-41.617383158014086,20.494836285265364,1,2,71.03757657539175,1
121,35.81509162304388,-44.46651593372009,19.07049876033055,2,2,70.9007808983471,1
124,32.453018608312945,-23.54760831525287,27.584406193795765,3,2,71.57892130789125,1
125,13.042855643269595,20.55142466016242,16.61425255143192,17,1,70.96636870921742,1
126,-15.323117346000059,20.308078316984265,0.0,24,1,69.464,1
128,-12.015280758643826,20.67339045557885,0.0,0,2,69.377,1
132,6.125957506146578,22.596765509280647,22.493495498485892,0,1,71.78846663087585,1
135,-13.355265185511644,24.101499656193248,0.0,1,1,69.924,1
136,-18.027569513611148,15.533172101052802,0.0,31,1,69.324,1
137,-16.618990205688302,24.15324071095673,0.0,18,1,69.584,1
138,1.1136748491382615,13.176569347701388,21.690660572620335,0,1,71.72263416695488,1
139,2.4430232893052772,15.79797284164637,21.447739866933038,2,1,71.6627146690885,1
145,-11.961190564186037,14.8060613378881,0.0,7,1,69.804,1
147,-8.593098578375267,14.125306093158326,0.0,20,2,68.97699999999999,1
148,-8.589752378442824,14.120943207666542,0.0,20,2,68.97699999999999,1
149,-9.027069967200722,23.128220792277016,0.0,0,1,69.944,1
151,-5.372598195763017,13.018727602379538,0.0,91,2,67.557,0
152,-11.015337778995715,10.794422181709876,0.0,0,1,69.944,1
153,0.6824859386694624,15.047027865496975,22.74567792811929,2,1,71.76914559010578,1
155,-5.139846483145401,13.16264004297133,0.0,91,2,67.557,0
156,-2.273415738861033,18.446041714298822,26.849735669731587,2,1,72.10567832491799,1
157,-25.36798644894103,7.263175320130902,0.0,11,2,69.157,1
158,-26.49743003822915,14.274411067729517,0.0,32,1,69.304,0
160,-19.418723149168866,45.994652676749155,0.0,0,1,69.944,1
161,-0.5989661371070452,12.081053725502365,23.02768630099155,4,1,71.75227027668132,1
162,-24.215718687970153,25.875277397731878,0.0,71,1,68.524,0
166,-34.056935779733784,28.29560155618211,0.0,0,1,69.944,1
167,-18.101725558626878,43.212674574658394,0.0,0,1,69.944,1
168,-12.97185372180386,44.81475900042224,0.0,0,1,69.944,1
169,-22.23078849108599,30.551826255221844,0.0,140,2,66.577,0
170,-34.06298649804958,10.850131597273666,0.0,1,1,69.924,1
172,-27.943123697345822,29.944581274488804,0.0,5,1,69.84400000000001,1
173,-26.968432113559068,30.987833723864945,0.0,1,2,69.357,1
175,-32.09537282662519,27.885507433609163,0.0,5,1,69.84400000000001,1
176,32.70578164391797,-41.911677220795674,21.77016735156052,11,2,70.94215372282795,1
178,-32.59248256656941,14.476129197534995,0.0,5,1,69.84400000000001,1
192,-19.457831128302498,24.09939472942707,0.0,265,1,64.644,1
193,-12.182029299629502,20.010668806335673,0.0,0,2,69.377,1
195,-18.240229029852408,21.30971380021849,0.0,91,1,68.12400000000001,0
197,-2.5273316551800393,-17.01426067615715,33.68528882098611,0,2,72.13919368332085,1
198,2.6514434288627586,-23.144393132387858,35.14024847087731,0,1,72.82550037461195,1
199,3.015941515090641,-24.59467432326395,36.177474161059784,0,1,72.91055288120691,1
200,-28.38959910777167,9.567120354523137,0.0,7,2,69.237,1
202,-28.379226211686603,9.521586420869493,0.0,7,2,69.237,1
207,-4.518652311719436,-27.23023446540138,42.63225454471118,0,1,73.43984487266631,1
212,-25.5503257287376,39.53704890051547,0.0,3,1,69.884,1
215,-36.65055471193871,43.537906028170255,0.0,0,1,69.944,1
217,-29.26270654845446,17.141755744548654,0.0,32,1,69.304,0
218,-26.13054375686016,52.63504103822978,0.0,2,2,69.33699999999999,1
221,1.5688833140434437,-30.22665577097478,41.780402939144814,0,1,73.36999304100988,1
224,-43.58101560482774,39.55252549833653,0.0,0,1,69.944,1
225,-31.563880825550477,54.54410276654019,0.0,0,1,69.944,1
226,-28.772130288151203,48.043032349324065,0.0,0,1,69.944,1
229,-25.47044475341933,10.331867023142483,0.0,21,1,69.524,1
231,-33.66948968725647,49.205055482782285,0.0,0,2,69.377,1
232,-29.226921534994005,46.161392149314565,0.0,18,1,69.584,1
236,-30.432314885839396,12.696804463208547,0.0,25,1,69.444,1
241,-37.59551840335033,47.05824704635377,0.0,0,1,69.944,1
242,-27.06833524392821,13.062896602399874,0.0,33,2,68.717,1
243,-27.52735356662811,14.59778209496303,0.0,36,1,69.224,0
244,-33.905874364502495,49.22826362288859,0.0,0,2,69.377,1
245,-17.938636419855232,12.088056386231845,0.0,5,2,69.277,1
246,-21.89663689525235,9.98604739894332,0.0,4,2,69.297,1
248,-17.956432769106453,12.17592915434765,0.0,5,2,69.277,1
250,-18.51522037715026,10.61114384053515,0.0,0,2,69.377,1
251,-18.409172624619675,9.938114833911367,0.0,0,2,69.377,1
253,-26.392628769615737,12.315305477841626,0.0,30,1,69.34400000000001,1
257,-21.96236577694023,9.579848593365703,0.0,5,2,69.277,1
260,-25.36798644894103,7.263175320130902,0.0,11,2,69.157,1
264,-21.691427820563586,4.068503720200596,0.0,41,2,68.557,0
265,-12.102339767386395,-18.642448682632814,40.99462938537107,0,2,72.73855960960043,1
266,-12.149064937525267,-1.7922841998472876,0.0,0,1,69.944,1
268,-13.518999933783038,0.9455036751382089,0.0,0,1,69.944,1
271,-18.403164591979593,4.346513231445975,0.0,4,1,69.864,1
272,-12.607968146591187,-19.14494494296198,40.93147237263658,0,2,72.73338073455619,1
273,-22.212158256307433,2.762671943016521,0.0,0,1,69.944,1
276,-18.49195989814762,-1.9672528969173975,0.0,1,1,69.924,1
279,-11.618017510164155,-2.8293288256163294,0.0,0,1,69.944,1
281,-19.660217256567606,-3.1077185491577772,0.0,4,1,69.864,1
282,-16.559589545192903,-6.647905728747524,0.0,4,1,69.864,1
289,-27.348364763076265,7.931209618907015,0.0,0,1,69.944,1
293,-15.815241214756018,-1.4467294072513752,0.0,0,1,69.944,1
294,4.378430475992651,64.4764526170639,0.0,0,1,69.944,1
295,-10.846665115825624,71.36566259332598,0.0,13,1,69.684,1
296,0.2220444845483654,99.43998047684444,0.0,0,1,69.944,1
297,20.630839894734965,82.20386350323281,75.83376540303634,0,1,76.16236876304899,1
302,42.9594355048096,92.52574666505575,88.72966552959325,0,1,77.21983257342664,1
304,-27.914224182599618,27.643865250409792,0.0,14,2,69.097,1
307,-25.856869418778516,52.07152571465505,0.0,1,2,69.357,1
309,-24.145840574414436,40.04670015249065,0.0,31,1,69.324,1
311,-23.12964723978597,28.693211819887775,0.0,19,2,68.997,1
312,-26.020490338547443,21.10587035559972,0.0,1,1,69.924,1
315,-28.41677171127781,24.0430283397508,0.0,14,1,69.664,1
317,-22.661134703533765,30.127424469367682,0.0,149,2,66.39699999999999,1
322,-23.1327909254582,28.828602304943335,0.0,19,2,68.997,1
323,-31.073521022922368,22.32298037571781,0.0,18,2,69.017,1
330,-23.27167764989998,27.22725566869589,0.0,22,2,68.937,1
333,-30.780694950424902,22.60966764349806,0.0,23,2,68.917,1
335,-31.662915371112263,19.58563771397322,0.0,17,2,69.03699999999999,1
341,-27.914224182599618,27.643865250409792,0.0,14,2,69.097,1
343,-30.43775074677371,18.9591091011642,0.0,17,1,69.604,1
346,-21.983313614729322,21.120290726471513,0.0,59,1,68.764,0
350,-23.293139827128837,27.046967899788672,0.0,16,2,69.057,1
351,-31.45462383938121,19.375362837346245,0.0,24,2,68.89699999999999,1
352,-27.5799898776481,19.90392187782903,0.0,5,1,69.84400000000001,1
353,-28.878905629768138,19.30378708785429,0.0,6,1,69.824,1
356,34.3407924296631,-34.62811822778333,20.841424861854275,1,1,71.63299683867206,1
357,44.489480362873245,-43.81493880121522,10.545979597185113,10,1,70.60877032696918,1
358,59.40004976670191,-45.56504031898879,7.2948473313288895,31,1,69.92217748116897,0
359,43.0840216077354,-44.41218140353915,12.070965838066206,175,2,66.86681919872143,1
365,-24.161692751441773,32.32206249568446,0.0,13,1,69.684,1
367,-26.505095101524546,30.989015793911825,0.0,2,2,69.33699999999999,1
368,49.91282292335991,-48.450261074668546,9.360200871512996,6,2,70.02453647146406,1
373,12.559229529867498,16.288935367177874,13.490395290235924,2,1,71.01021241379934,1
382,-19.185207500588,22.190934512858664,0.0,93,1,68.084,0
383,5.703932339519514,-22.853615134044006,33.32732519210879,0,1,72.67684066575292,1
384,7.709810557827382,-36.97180684802831,45.55468377115411,0,1,73.67948406923465,1
386,-21.227766764478996,15.682811014051204,0.0,13,2,69.11699999999999,1
389,-1.6010348255235476,-17.18591145425662,33.14683091471276,0,2,72.09504013500644,1
391,-28.548841578137413,16.082129495406996,0.0,28,2,68.817,1
392,-32.431084276962814,51.51716597922751,0.0,0,1,69.944,1
393,-26.74784233207551,10.893501677102485,0.0,10,1,69.744,1
395,-29.028541159577472,15.270450507109196,0.0,22,2,68.937,1
396,-21.346136638782525,50.98233993381196,0.0,13,2,69.11699999999999,1
397,-28.67559317619542,43.89945222850618,0.0,0,1,69.944,1
398,-21.205350998260375,51.02225005769353,0.0,13,2,69.11699999999999,1
399,-30.420424858019516,46.70397250247111,0.0,16,1,69.62400000000001,1
400,-11.45418297838348,49.79652054102219,0.0,0,1,69.944,1
405,-19.667520730870958,-15.573035180398815,33.29975354636988,0,2,72.10757979080232,1
408,-4.119135442858474,-0.7748315856545318,26.80243544042269,0,1,72.14179970611467,1
409,-19.17498506008362,-15.82565461805562,33.83038453355633,0,2,72.15109153175162,1
410,-19.08638326223647,-7.797887492050975,28.965186677977737,0,1,72.31914530759418,1
419,-13.067447059228368,-9.777898393723255,0.0,2,1,69.904,1
420,-21.055006335354125,3.7355523781717075,0.0,35,2,68.67699999999999,0
421,-32.96732894723045,19.315897883236218,0.0,10,1,69.744,1
425,-4.0092980231873785,52.3955473362099,0.0,0,1,69.944,1
426,-25.055021179961955,29.867038165762665,0.0,0,1,69.944,1
427,-30.64644397034072,33.14996908262856,0.0,0,1,69.944,1
429,-24.276305826754978,30.620266114598476,0.0,77,1,68.404,0
436,-35.43118772116113,54.6453544021182,0.0,10,1,69.744,1
439,46.15710704855213,-50.65414203711896,13.287177467700943,0,1,71.03354855235148,1
440,59.121880396815506,-47.42598505909668,8.590178325663857,9,1,70.46839462270444,1
441,72.24393616239696,-28.824233193833994,21.174363327125377,0,1,71.68029779282428,1
442,65.46130716868058,-46.03834374541826,12.477416097011279,7,1,70.82714811995493,1
444,59.858797930357234,-38.95707981117148,5.5965057796782,9,2,69.6559134739336,1
446,58.61757173954173,-48.34463028462859,9.128935563373167,8,2,69.9655727161966,1
447,52.39029989849088,-48.08095481694652,8.095222977200354,6,1,70.48780828413042,1
448,50.50258537817432,-49.75503738179033,10.284759182056337,8,1,70.62735025292862,1
449,97.70018732330331,-44.82339909492985,43.530083840278515,0,1,73.51346687490285,1
450,51.74184022484663,-37.976837305589726,3.501542220758481,9,2,69.48412646210218,1
452,37.081451877762106,-21.852642858982087,25.268921625411785,27,2,70.90905157328376,0
453,32.323843473268774,-23.31658640335113,27.827256879922903,3,2,71.59883506415368,1
454,25.704788490983272,-26.876767581827888,31.66590942700096,4,1,72.46060457301408,1
457,35.805918332376216,-44.46270672206713,19.078601254439857,2,2,70.90144530286406,1
459,61.597316904645055,-30.775121874933504,11.885146595072364,0,1,70.91858202079594,1
463,52.7674944506461,-50.55094214071852,10.439058664258491,25,2,69.73300281046919,1
464,57.98387754814467,-48.38926670624797,8.895732604807533,11,2,69.88645007359422,1
467,53.98960773722529,-49.31487867415254,9.082493853155365,24,1,70.20876449595873,1
469,6.503366312980228,17.85419406774076,19.052255340728387,0,1,71.50628493793972,1
470,-25.39176677998115,15.261401400918071,0.0,11,1,69.724,1
472,-30.084018448438822,20.177363834834182,0.0,17,1,69.604,1
474,-20.96918801118754,15.93058844752553,0.0,16,2,69.057,1
475,-21.005888334362094,18.87990011531603,0.0,29,1,69.364,1
477,-27.173152460194036,22.85640790948915,0.0,25,2,68.877,1
478,-14.727191904900735,-4.393982798734115,0.0,3,1,69.884,1
479,-27.706740557740705,12.427418795908928,0.0,19,2,68.997,1
480,-27.307534422268873,23.77922783022457,0.0,24,2,68.89699999999999,1
482,25.638842814905228,6.922528423060431,3.9651565887209324,72,1,68.82914284027513,0
485,21.883090925028576,-22.749560018585356,29.127862020768514,4,1,72.25248468570302,1
486,65.55576011782497,-29.02704052648014,15.81033910829005,2,1,71.20044780687978,1
487,64.93612668177494,-18.896359228433386,23.799279213028168,0,1,71.89554089546832,1
488,22.91819576084089,-20.143101188861,26.54834440784302,5,1,72.02096424144314,1
490,34.108984667240264,8.148434893212379,12.523505567971544,3,1,70.91092745657367,1
491,10.807955982084719,-7.283562092834934,17.47899332773664,0,1,71.37727745287441,1
492,60.297000694957525,-11.67085168162059,29.171172560830705,9,1,72.15603614998811,1
493,26.529365340738742,9.134154437972281,5.550805448353214,3,2,69.77216604676495,1
494,14.733787701424513,3.0760072650786796,7.7192767348339,0,2,70.00998069225638,1
495,12.783856091818459,8.775258028614967,9.243741882535094,0,2,70.13498683436788,1
496,17.82014838926966,6.55777106758271,3.8952937505306027,15,1,69.96341408754351,1
497,15.9550810558069,11.420227086618048,7.652448605636383,0,1,70.57150078566218,1
498,62.94462472577083,-14.132153749997592,27.468948742943727,1,2,71.60945379692139,1
499,29.259644916086685,-19.65834438052218,27.108270866678932,12,1,71.92687821106767,1
500,20.941150573260266,-17.783809148554827,24.173874990217463,2,1,71.88625774919782,1
503,17.38376146436699,2.5678351718863084,5.765694375979866,7,1,70.27678693883036,1
505,11.0293785474956,-15.291165585179044,24.15878578826572,1,1,71.90502043463779,1
506,9.606439776261475,-14.521865599323995,24.1520813806583,3,1,71.86447067321399,1
507,32.338723793751036,-13.44713147360396,22.493782181728456,1,1,71.76849013890174,1
509,63.254678005110314,-20.743794674713676,21.409898308580235,1,2,71.11261166130357,1
510,25.87922348398508,-19.632264440035694,26.34188570072771,2,1,72.06403462745966,1
511,7.960714333626639,2.0097814133348315,14.427669984988238,0,2,70.56006893876904,1
512,23.131186999733398,-22.205101461501783,28.61814314027634,3,2,71.66368773750266,1
513,-50.08581405203176,-2.504134956183094,11.863692143956603,1,1,70.89682275580445,1
514,15.156133515534401,3.5790229528384607,7.1276293784480265,0,2,69.96146560903273,1
515,23.475356268947507,-22.327119960872896,28.759070175347695,1,2,71.7152437543785,1
516,31.211930113319575,7.677421451982799,9.58912610331236,0,1,70.73030834047161,1
517,24.01072867385915,0.9863089114560637,5.861363292765959,0,2,69.8576317900068,1
518,26.691826127936455,10.628134745910756,6.547610519839058,10,1,70.2809040626268,1
519,26.693865530424908,8.915759476503045,5.591725949118777,3,2,69.77552152782773,1
521,53.672141194313916,-20.24405913789724,20.0118210831848,6,2,70.89796932882115,1
522,1.2638319704508134,7.316346211460086,20.46897890993753,2,1,71.58245627061487,1
524,26.599351270083037,-20.717537859423203,27.532713239495806,1,1,72.18168248563866,1
526,29.20876486853367,3.9179845798105575,7.890685364933023,26,1,70.07103619992452,0
527,28.332778944022444,8.407412806395179,6.925573385776107,3,2,69.88489701763363,1
528,36.69363639352876,-1.4627408766434655,16.909906725503454,0,1,71.33061235149128,1
529,23.557599736051852,3.56417418892163,3.365316074308221,67,2,68.31295591809327,0
530,26.823127836065918,1.4078424516600414,7.129614110237992,0,1,70.52862835703952,1
532,19.171576985213893,0.544529780952157,6.362160719242514,22,2,69.45869717897789,1
533,19.909846599115827,1.1754747060171482,5.505389146493872,10,2,69.62844191001248,1
534,27.288658800385125,5.124935244298587,5.71636146088803,9,2,69.66574163979281,1
535,20.13637446388159,-0.9287963242972808,7.474397327325658,2,2,69.94990058084069,1
538,27.86510424045934,8.78425879693695,6.607616258055105,3,2,69.85882453316052,1
539,-65.21058039105887,21.84551816827652,25.87057397237845,0,1,72.06538706573504,1
540,-47.89478930499779,21.313140139771445,14.450667217857118,0,1,71.12895471186428,1
541,-67.3566318710076,21.560104039405275,27.53447017588231,0,2,71.63482655442235,1
543,-52.40128546220765,30.967613760601584,0.0,2,2,69.33699999999999,1
545,-63.62698978763208,20.055006673841156,23.56745338184796,0,1,71.87653117731153,1
546,-70.8169152993307,9.772120744338778,27.223087887506146,1,1,72.15629320677552,1
549,-37.41611874424494,24.47134784217776,0.0,2,2,69.33699999999999,1
552,-33.96567415903647,22.83751364735334,0.0,1,1,69.924,1
555,-35.362924870551865,15.5161621842743,0.0,2,1,69.904,1
557,-34.58262087561721,13.521098524439406,0.0,0,1,69.944,1
558,-45.452075181875465,22.567942743808626,0.0,2,1,69.904,1
560,-62.957530227227146,6.825882918285092,19.279059268067783,0,2,70.95788285998155,1
561,-54.927409151734174,-16.197857654654626,26.21627702854904,0,1,72.09373471634102,1
562,-54.014628261373055,2.722970638162593,11.371229768794674,0,1,70.87644084104116,1
563,-57.86477202463834,-3.230601775658407,17.771123087267817,0,1,71.40123209315597,1
564,-50.70192787473066,10.625253305690762,7.681995816634245,0,1,70.57392365696401,1
565,-53.368296262312455,14.547396840386536,11.979588708468253,0,1,70.9263262740944,1
567,-38.969820098985345,9.66298505321926,5.197115643457025,12,2,69.56316348276347,1
570,-66.77004899451121,-7.99009299037699,27.78958809882796,0,1,72.2227462241039,1
571,-37.51201199086602,6.2257704156235185,6.305412749119731,19,1,70.08104384542783,1
573,-64.64467914057188,19.3274537971213,24.06829695180087,7,1,71.77760035004768,1
575,-45.76599826250954,9.9740616173451,3.2391303418187434,0,2,69.64260868802913,1
578,-23.504526392027575,39.184473482306196,0.0,25,1,69.444,1
579,-45.76599826250954,9.9740616173451,3.2391303418187434,0,2,69.64260868802913,1
580,-57.91831455717342,9.505383916348514,14.370811892696654,6,1,71.00240657520112,1
583,-53.184661999989245,0.6013635116642781,11.729221735504678,24,2,69.85879618231138,1
584,-50.65076272336325,12.689410848668633,8.68972323041101,0,1,70.65655730489371,1
585,-38.050872734006305,3.580019127566576,6.860658405750459,0,1,70.50657398927154,1
586,-87.29825056852651,-17.540186841228273,50.280151299728544,0,1,74.06697240657775,1
587,-40.89596730786478,6.502661706652891,2.9624646211237513,130,1,67.58692209893215,0
588,-43.88794476957535,1.962557319244791,5.5287884163419045,0,1,70.39736065014004,1
593,-57.91561195688179,2.574534077508172,15.050342386550566,0,1,71.17812807569715,1
594,-47.51201963555424,6.273127723210997,4.010548168658466,16,1,69.95286494983,1
595,-48.52562805378955,-4.631526446604816,13.048480126725984,0,1,71.01397537039153,1
598,-47.734161083629125,2.4051237215773646,6.495391195746378,8,2,69.7496220780512,1
599,-47.5846420253447,7.361421642075474,3.896854586802578,16,1,69.94354207611782,1
600,-48.389860780738964,5.744352393822886,5.012964762562127,19,2,69.4080631105301,1
602,-40.69418229804712,4.252089935182102,4.409505290388203,29,2,69.15857943381182,1
603,-47.541326431376696,0.920202738656684,7.613622136681768,0,1,70.56831701520791,1
604,-40.588483461816466,4.857712181684761,4.066415080766028,48,2,68.75044603662282,0
606,-49.03847655132354,5.25834115500383,5.7946880588660745,11,2,69.63216442082701,1
608,-42.56528088890605,6.951035809560267,1.246088852879751,34,2,68.79917928593613,0
609,-48.26925114730961,2.2044838986631525,6.991738861036513,8,2,69.79032258660499,1
611,14.159242095500629,-7.549959052300846,15.843473436640501,0,1,71.24316482180453,1
612,62.99479086686697,-14.0287971563289,27.58277994885466,1,2,71.61878795580608,1
614,47.47162418780734,-0.2882396546314041,26.60885647068889,15,1,71.8259262305965,1
615,-39.98064807283956,3.0914849245815503,5.752010792795974,33,1,69.75566488500928,0
618,43.97010274182185,10.865855560670745,22.706778239960187,5,1,71.70595581567675,1
619,41.161359919319345,-5.582489093454697,22.833176016886565,5,1,71.71632043338471,1
620,63.700192505708365,-20.99485010370026,21.37133869682674,1,2,71.10944977313979,1
621,25.05181891434144,-20.241683457156086,26.828265595026494,22,1,71.70391777879217,0
622,42.78955548710951,-0.40178679541857676,22.141732977249024,11,1,71.53962210413442,1
623,24.794520639754673,-16.809197374271918,23.391087801934678,0,1,71.86206919975865,1
624,67.3596585020007,-28.21895284799957,17.669310745261175,7,1,71.25288348111143,1
625,53.124401829336506,-22.362048226477267,17.926446869101834,0,2,70.84696864326635,1
626,53.720290276191484,-20.66944354098394,19.58497442046201,0,2,70.98296790247788,1
628,32.51938860143497,7.358743255332264,10.852530739925374,0,1,70.83390752067389,1
630,13.428863274099358,-6.634719655963991,15.424785515853179,7,2,70.50183241229996,1
631,17.285246949673432,-15.96619414460421,22.77813978239572,2,2,71.20480746215644,1
632,30.237056977661833,5.410733770532008,8.580445443611394,0,2,70.08059652637613,1
633,8.49237386457324,1.8147374948479538,13.984313832811756,0,2,70.52371373429055,1
634,57.66024186838038,-21.14004811704331,19.376389993414488,0,2,70.96586397945998,1
635,23.125282179460886,-1.4797625255225384,7.983771724235,12,1,70.35866928138728,1
636,51.56782483663728,-23.834920113355448,16.651949440766046,0,1,71.30945985414282,1
637,22.387351113430967,7.520859604759696,1.328030581202372,227,2,64.94589850765858,1
639,47.95526673293271,-11.109771509012802,29.839336882425407,6,1,72.27082562435888,1
640,64.26747612974195,-26.845658781090567,16.63132497581907,6,1,71.18776864801715,1
641,63.02427418858797,-1.8946601161191658,39.30277556758315,3,2,72.53982759654181,1
642,65.52125953012931,-31.587709718688842,14.082593705456288,4,2,70.45177268384741,1
643,65.05537119948185,-1.48044179039994,40.19650459861027,2,1,73.20011337708604,1
644,32.5546590918225,5.827353311709757,10.857338963903535,0,1,70.83430179504009,1
645,30.00413314544408,5.128525969723199,8.386420636845376,26,2,69.54468649222132,1
646,27.135192574858166,13.275999559337809,8.77519379250471,0,1,70.6635658909854,1
653,-49.50182692409219,-13.867566675834706,22.132119433809205,0,2,71.19183379357236,1
654,-53.184661999989245,0.6013635116642781,11.729221735504678,24,2,69.85879618231138,1
655,-35.81821184582156,-14.877585292055535,23.710182055154107,0,1,71.88823492852264,1
657,-32.031288123965204,-7.61987115513822,19.083064480074125,31,1,70.88881128736608,0
658,-29.784622269222165,-1.9143149088964364,16.785549616711624,0,1,71.32041506857036,1
659,-49.273224718741325,-11.546138470336722,19.835948474700636,0,2,71.00354777492545,1
660,-49.273224718741325,-11.546138470336722,19.835948474700636,0,2,71.00354777492545,1
661,-37.73928671740695,-30.263112936748776,38.21701351950129,0,2,72.5107951085991,1
663,-29.138250889287338,-19.859201199589727,30.97752215305662,0,1,72.48415681655065,1
664,-39.08168963239604,-29.10187368179442,36.87870522497385,8,1,72.80805382844787,1
665,-27.565341161332526,-13.90505766624922,26.78905611092417,5,1,72.04070260109579,1
666,-25.048747853506118,-23.82534185401366,36.44177227687073,24,1,72.4522253267034,1
667,-26.52460934289636,-15.056234539402283,28.335107646829886,64,1,70.98747882704005,1
668,-36.442055626895055,-8.10400357858671,17.194025954151236,0,1,71.3539101282404,1
669,-32.61588588672558,-5.813099260768496,17.30740279770638,0,1,71.36320702941192,1
670,-40.78941130034683,-12.895859583539917,20.58897413949269,9,2,70.88529587943839,1
671,-49.46537986930563,-13.893449422823458,22.14756239353719,0,2,71.19310011627005,1
672,-30.217913885558236,-17.764099036519113,28.620812053987702,3,2,71.66390658842698,1
677,-33.298498420330354,13.15238237304252,0.0,1,1,69.924,1
678,-26.768136390336004,-19.624362680049707,31.959553582819282,0,1,72.56468339379119,1
682,-30.217913885558236,-17.764099036519113,28.620812053987702,3,2,71.66390658842698,1
684,19.55286238627041,-18.283172875031553,24.75524443701173,3,1,71.91393004383497,1
685,9.006696950003812,-7.680822641139674,18.9486470232633,5,1,71.3977890559076,1
686,33.404175303692405,13.51049041445697,13.696681693215913,9,1,70.8871278988437,1
687,-40.45316948310576,30.16990035180017,0.0,0,1,69.944,1
688,20.582875875850707,-19.74997121764466,26.15212197493537,8,2,71.3614740019447,1
693,-32.93677325101975,5.8334745692362056,10.879575327621813,0,1,70.836125176865,1
694,17.728455413753938,9.388299180353137,4.99259878525405,8,1,70.19339310039084,1
695,45.80272849815246,-1.5095723049367749,25.349720978878125,4,1,71.94267712026802,1
696,62.31154869645364,-17.492577647445607,24.08216975367503,0,1,71.91873791980136,1
697,27.530883980501,5.253003823133824,5.927303016863605,9,2,69.6830388473828,1
698,-43.96011155176828,9.038937397458657,1.5745126528512494,7,2,69.3661100375338,1
699,12.843755945262082,-6.42744934245502,15.575856691318094,7,2,70.51422024868808,1
702,53.124401829336506,-22.362048226477267,17.926446869101834,0,2,70.84696864326635,1
703,48.77193718456225,-7.175598321944328,30.265054571558455,17,1,72.08573447486779,1
705,58.413785429108046,-21.538885621235618,19.12667502218668,0,2,70.9453873518193,1
706,29.371793513007614,14.04169214469323,10.835993211781865,9,2,70.0855514433661,1
707,13.413012106804626,-10.42211208859218,18.737613888770124,0,1,71.48048433887915,1
709,44.88068022494121,4.321041543641844,23.260508207651277,5,1,71.75136167302742,1
710,45.5983663440454,-15.646752853900736,26.126875081254536,0,1,72.08640375666288,1
711,18.803837632799763,-20.047200671141578,26.584462485592752,5,1,72.02392592381861,1
714,42.24347691651933,2.024849248117121,20.98854831274478,0,1,71.66506096164507,1
715,61.97383215775311,-26.484271623541524,15.69918534885684,4,2,70.58433319860626,1
716,17.285246949673432,-15.96619414460421,22.77813978239572,2,2,71.20480746215644,1
717,65.00560593659078,-31.108494628662296,13.987583710339923,8,2,70.36398186424788,1
718,20.154395532605474,-17.026299903689363,23.455821626055435,2,1,71.82737737333655,1
719,57.84512301162807,4.719620105746859,36.17186750359009,0,1,72.91009313529439,1
720,61.47866282630232,-26.001024185777343,15.898150262926203,8,2,70.52064832155995,1
721,14.05158100312394,-11.758621015052078,19.68757523523358,3,1,71.49838116928916,1
724,63.02427418858797,-1.8946601161191658,39.30277556758315,3,2,72.53982759654181,1
725,58.79144658626409,-16.281417790086547,24.35775538683716,12,1,71.70133594172066,1
726,42.20884010186787,-4.09404872509786,23.01758888873896,0,2,71.2644422888766,1
727,40.93977541092722,2.561301297578627,19.603585861670418,3,1,71.49149404065697,1
729,-28.060008270538532,-23.95179205127285,35.110385956082666,23,1,72.3630516483988,1
730,-28.468315176952558,-10.849465350371656,23.831698593024427,0,1,71.898199284628,1
732,-27.642771519516888,-3.479877458295153,19.43703062587776,10,1,71.33783651132198,1
733,-38.43555499735874,-30.108067476831764,37.96124837433056,8,2,72.3298223666951,1
734,-38.23404048319755,24.63272145388643,0.0,2,2,69.33699999999999,1
735,-25.135750452863757,-22.08216967150199,34.9089810749901,0,1,72.80653644814919,1
736,-52.51639883206909,30.851120238500656,0.0,2,2,69.33699999999999,1
737,23.647043681017642,0.5019212329290816,6.186523145227994,0,2,69.88429489790869,1
741,35.99107413273263,0.7895953006217624,15.33428960209055,5,1,71.10141174737143,1
743,57.151503349678315,-16.489064128948762,23.910613385948746,0,1,71.9046702976478,1
744,-62.61059918084772,26.484188507035142,26.81153096246258,0,1,72.14254553892194,1
745,25.931786540847153,4.634395380714935,4.566410010445169,0,1,70.31844562085651,1
748,39.01564669927351,-1.3371775165814697,18.946288215823962,0,1,71.49759563369757,1
749,46.80045398724508,5.20281826691485,25.116670028743485,5,1,71.90356694235697,1
750,35.36752536394867,14.991177011235887,16.1456905286445,13,1,71.00794662334884,1
752,14.419146032636252,-2.1753093700461825,11.23969968151912,7,1,70.72565537388456,1
754,21.4310174251708,-20.229285520114715,26.608556855139053,9,2,71.3789016621214,1
756,5.078179979859194,8.579164321423463,16.77814394261709,7,1,71.17980780329461,1
758,19.855227285794104,6.638927292409239,1.874334459076016,1,1,70.07769542564424,1
759,57.50065727004532,-19.296714609063503,21.172017764657905,6,1,71.56010545670195,1
760,28.845696339489137,13.593884679802681,10.147502721495458,0,2,70.20909522316262,1
762,12.866602699134447,8.281223999106416,9.047176124372738,0,2,70.11886844219856,1
763,27.61534655223957,6.63261493024595,5.909560832843907,0,1,70.4285839882932,1
764,35.12546220590649,2.350289166399886,14.005749946972058,0,1,71.09247149565171,1
765,20.503979792336636,2.912023931471065,3.6700340862026946,25,1,69.74494279506862,1
766,35.71538721091054,-4.92649311526333,17.997274638216396,0,1,71.41977652033374,1
767,18.20328901100113,7.576925379352289,3.707280537242673,0,1,70.2479970040539,1
768,19.516909934602165,11.175726446059855,5.275927675509935,3,1,70.31662606939182,1
769,22.21106383718482,7.969834183257166,1.6686430200688942,226,2,64.99382872764565,1
770,49.800191932381594,-7.309276320644916,31.24616425917248,1,1,72.48618546925215,1
771,21.36465193011292,4.834855988734777,1.5813962922147973,8,1,69.91367449596162,1
772,49.65459749736755,10.072277295597289,28.186487339590816,1,1,72.23529196184646,1
773,42.20373893341102,11.524735073851723,21.12893213436706,0,1,71.6765724350181,1
775,49.390046420548835,0.6145472643924421,28.27240736368493,12,1,72.02233740382218,1
776,-62.484355037532545,6.7401072840589045,18.809384404941166,0,2,70.91936952120517,1
777,-62.88627056632593,8.711348082646097,19.235387676579492,8,2,70.79430178947952,1
778,41.67115482152661,-4.632100735885107,22.79505048866235,0,2,71.2461941400703,1
779,22.952203581350474,1.4794590256311437,5.053076702765943,0,1,70.35835228962681,1
780,31.763568654606352,-7.6813073981639235,17.283137217639666,10,2,70.59421725184644,1
781,19.699587486973492,-1.0222117437465386,7.668573511878941,2,2,69.96582302797407,1
782,-62.09296001464131,14.454247350708112,19.677560495717596,0,2,70.99055996064884,1
783,-38.0862390606397,15.655972393581582,0.0,2,1,69.904,1
785,-52.32111725355216,9.50004541388359,8.862739279889016,0,1,70.6707446209509,1
786,21.95221079405096,12.731902458769024,6.358673165793089,0,1,70.46541119959504,1
787,-36.009238418320884,24.010551331412866,0.0,0,1,69.944,1
791,-44.130874933496585,8.856885940437966,1.4383753187744515,4,2,69.4149467761395,1
794,-62.02629939171791,14.704914597986797,19.705650464162204,0,2,70.9928633380613,1
796,-25.561683700161282,-19.977086142122296,32.908200471876604,0,1,72.64247243869389,1
797,-62.93310603085378,8.606114012577894,19.275736969470362,8,2,70.79761043149657,1
801,36.94618976438692,-5.171580118161209,19.117805359939645,0,1,71.51166003951505,1
802,33.08639472259187,14.656612017296485,14.068830505988457,4,1,71.01764410149106,1
803,31.683668402000166,-8.415199816185751,17.840436976172064,10,2,70.6399158320461,1
804,54.82466892483676,-8.0781563018807,32.16669762042509,0,1,72.58166920487486,1
805,30.598212820930076,14.6643061822516,12.150876470271836,48,1,69.9803718705623,0
806,24.079797641291904,6.277701122622389,2.3706295294816235,28,1,69.5783916214175,1
809,-40.640498397823954,-13.154913092840157,20.866716948244765,9,2,70.90807078975605,1
813,-46.55246450929522,-10.308389967671307,18.024950641152348,7,1,71.28204595257449,1
816,-43.97762066768372,-2.4467387366784585,9.938701415999102,10,1,70.55897351611192,1
820,-38.16100344550901,-21.39203668177121,29.40429724931889,0,1,72.35515237444415,1
823,-40.529568408309636,1.3346949739252771,6.917220671149119,0,1,70.51121209503422,1
824,-53.22914002149424,-0.40630092371605286,12.38204568210414,24,1,70.47932774593254,0
825,-45.72938597291997,-4.096346316428896,11.762316799652474,11,1,70.68850997757151,1
826,-39.104570902015475,9.338425639173334,4.944643446623337,12,2,69.54246076262311,1
827,22.765078089149956,3.3594953084969816,3.196970542595857,67,2,68.29915158449285,0
828,-67.58245390737628,21.810126085941697,27.856530597367858,0,2,71.66123550898416,1
829,-39.420905953139815,15.636430655003583,0.0,6,1,69.824,1
830,-42.07687774286147,6.828721414192543,1.7424167943493276,101,2,67.49987817713665,0
831,-26.30217746766252,-16.570078399749285,29.68353069361952,1,1,72.3580495168768,1
832,29.654574680630393,-18.633171644046513,26.242034280162336,0,1,72.09584681097331,1
834,-43.650766487557405,15.623463197730128,8.135761716737067,2,1,70.57113246077243,1
